{
    "epoch": [
        1,
        2,
        3,
        4,
        5,
        6,
        7,
        8,
        9,
        10,
        11,
        12,
        13,
        14,
        15,
        16,
        17,
        18,
        19,
        20,
        21,
        22,
        23,
        24,
        25,
        26,
        27,
        28,
        29,
        30,
        31,
        32,
        33,
        34,
        35,
        36,
        37,
        38,
        39,
        40,
        41,
        42,
        43,
        44
    ],
    "train_mse_scaled": [
        1.010195833797429,
        1.0039879888031396,
        1.0020201973179999,
        0.9996193151787098,
        0.993735661088673,
        0.9841947333730413,
        0.9701790345981164,
        0.9525199956792032,
        0.9321286569569431,
        0.9104309403910437,
        0.8938597716624613,
        0.879346652399956,
        0.8623591882053863,
        0.84644493889572,
        0.8244064576826199,
        0.8006892534093605,
        0.7838781300079345,
        0.7668582497667201,
        0.7670775136483431,
        0.7859755881227387,
        0.7394902801239825,
        0.7180572597358064,
        0.7040339877566039,
        0.692073202253543,
        0.6783262553182396,
        0.6584555254300108,
        0.6858146763864663,
        0.6950291673154922,
        0.6467594085250101,
        0.6415275696072319,
        0.6288762715226205,
        0.6172684316852014,
        0.5869111635554174,
        0.5707615174547563,
        0.5455053130415779,
        0.537480912100539,
        0.5160932008819267,
        0.4929956267063104,
        0.4755704541511815,
        0.4466744805286049,
        0.4319806194228167,
        0.4192558430342289,
        0.4048066095512956,
        0.39450239406314624
    ],
    "val_mse_scaled": [
        1.2799410754854645,
        1.2784854588774783,
        1.2781389029527594,
        1.2780264960489265,
        1.278646466609526,
        1.2788643538992948,
        1.2821445492365948,
        1.2857180386584537,
        1.289043838042304,
        1.291362074213647,
        1.2946478657053846,
        1.2957718136369236,
        1.2985682533758776,
        1.3001345244717282,
        1.3006894935764468,
        1.3006145209703888,
        1.3007124048718113,
        1.3012134504286355,
        1.300745075629355,
        1.302524953178715,
        1.303692497623659,
        1.3036736099299648,
        1.3059747110044906,
        1.3035460355421227,
        1.3026703905535773,
        1.3028074822636442,
        1.3049863562836896,
        1.3082094068358856,
        1.304015259311011,
        1.3052328288477886,
        1.3024853150424656,
        1.3059154206590216,
        1.3027616807171838,
        1.3026152609275032,
        1.2994355033629914,
        1.3030050291681912,
        1.3049483867297818,
        1.3092228107763673,
        1.3128880396552924,
        1.3169465155071756,
        1.2844942513645419,
        1.3531426605578387,
        1.3725745326674152,
        1.2943763900238405
    ],
    "train_mse_price": [
        0.0001822965751532947,
        0.00018117632738266797,
        0.00018082122727236383,
        0.00018038797086330618,
        0.00017932622519044544,
        0.000177604501933072,
        0.00017507527565907604,
        0.00017188858596093174,
        0.00016820883193169157,
        0.00016429333514566405,
        0.00016130295525308282,
        0.00015868396717587995,
        0.00015561846745749738,
        0.0001527466335841745,
        0.00014876964235394321,
        0.00014448971479331525,
        0.0001414560350948989,
        0.00013838468564411936,
        0.00013842425274956406,
        0.00014183453766997465,
        0.00013344595270328054,
        0.0001295782194699295,
        0.00012704762797918084,
        0.0001248892247137683,
        0.0001224084971717627,
        0.00011882269157318385,
        0.00012375983092004366,
        0.0001254226489173325,
        0.00011671204883117812,
        0.00011576792701871338,
        0.00011348491698623319,
        0.0001113902035565284,
        0.00010591203354230673,
        0.00010299772149434097,
        9.844007141382693e-05,
        9.699201494180727e-05,
        9.313245932914497e-05,
        8.896434781294561e-05,
        8.581986002384447e-05,
        8.060538891323204e-05,
        7.79537839073021e-05,
        7.565751303971162e-05,
        7.305005238140333e-05,
        7.119058802372405e-05
    ],
    "val_mse_price": [
        0.00023097389477336812,
        0.00023071121895615448,
        0.0002306486959866011,
        0.00023062840525391926,
        0.00023074027370586093,
        0.00023077960348616574,
        0.00023137153436529427,
        0.00023201639338078022,
        0.00023261654616134062,
        0.00023303489705327904,
        0.00023362783287991776,
        0.00023383066915134393,
        0.00023433528971196648,
        0.0002346179513430648,
        0.00023471809749761702,
        0.0002347045661453064,
        0.00023472222380761709,
        0.0002348126423950745,
        0.00023472811700880943,
        0.000235049306159798,
        0.00023526000696372947,
        0.00023525660025210194,
        0.00023567184133410637,
        0.00023523357519150164,
        0.00023507554866176677,
        0.00023510029305561794,
        0.0002354934936533493,
        0.00023607511239657827,
        0.00023531823893794393,
        0.00023553796722083805,
        0.00023504216203622464,
        0.00023566115119869437,
        0.00023509203772338781,
        0.00023506561315413024,
        0.0002344917988973376,
        0.00023513595108496984,
        0.00023548664815524925,
        0.00023625798467907105,
        0.00023691940424501004,
        0.00023765178710702096,
        0.0002317955469206314,
        0.000244183612415179,
        0.0002476902258687883,
        0.00023357884932449866
    ],
    "train_mae_price": [
        0.009525606617686023,
        0.009501815716259935,
        0.00949740412021847,
        0.009486174514149636,
        0.009449535940232387,
        0.009393094747064092,
        0.00932140592609857,
        0.009284650640906826,
        0.009217415666633914,
        0.009176578547691367,
        0.00911704187567638,
        0.009070495307379743,
        0.00900000622891537,
        0.008935862675228152,
        0.008834837700256438,
        0.00870094352206416,
        0.008617603221584908,
        0.008528735176977536,
        0.008533753109466748,
        0.008556361744502281,
        0.008364155636528295,
        0.008283437945461896,
        0.008215924641940011,
        0.008144511683413071,
        0.008106991645871376,
        0.007966358688190782,
        0.00816564954032309,
        0.008187395223736332,
        0.00791812408338302,
        0.007910698633326567,
        0.007813346296681898,
        0.007727114758037605,
        0.007587943849245792,
        0.007391762349032915,
        0.007268171840790845,
        0.007242758701980709,
        0.00712132844924884,
        0.0069341291617784125,
        0.006845478960660609,
        0.0066360929585767255,
        0.006502465485892829,
        0.0064351877000083995,
        0.006267870237415088,
        0.006260092486098834
    ],