{
    "epoch": [
        1,
        2,
        3,
        4,
        5,
        6,
        7,
        8,
        9,
        10,
        11,
        12,
        13,
        14,
        15,
        16,
        17,
        18,
        19,
        20,
        21,
        22,
        23,
        24,
        25,
        26,
        27,
        28,
        29,
        30,
        31,
        32,
        33,
        34,
        35,
        36,
        37,
        38,
        39,
        40,
        41
    ],
    "train_mse_scaled": [
        1.022137178596819,
        1.005437779256007,
        0.9729109504882514,
        0.9687607868368026,
        0.9397244288076881,
        0.9114519187270608,
        0.8977680711718815,
        0.8837702248844824,
        0.8670070679425462,
        0.8478817463745333,
        0.8323649374955573,
        0.8669244071617742,
        0.823377221631518,
        0.8159903108496268,
        0.7802397299360693,
        0.7571168849233397,
        0.7218900677225834,
        0.7071419323312037,
        0.689552425635878,
        0.6973786705938417,
        0.6644061750862843,
        0.6307171846543848,
        0.6182684780024649,
        0.6068428608416894,
        0.5606673585929773,
        0.5754316311490871,
        0.5465126589563921,
        0.5808826021215637,
        0.5440740912759846,
        0.5217744350652014,
        0.5351015047158305,
        0.570584598446097,
        0.48585235567536583,
        0.5047890979519393,
        0.49152893165807415,
        0.453304086024446,
        0.46789595153889363,
        0.4474319902896844,
        0.5262440265244955,
        0.4338675021206101,
        0.4105561555828129
    ],
    "val_mse_scaled": [
        0.9091235377263029,
        0.977561596765484,
        0.9722014016856869,
        0.981245311001063,
        1.0440901356895875,
        1.0308169523596007,
        1.024815917016195,
        1.020086219924941,
        1.0688760826736912,
        1.059023783460746,
        0.9830749244843341,
        1.0195528436440957,
        1.0095774255378294,
        1.055514395381573,
        1.0283820053994601,
        1.0938344837000982,
        1.2623925964602187,
        1.300073696344603,
        1.386773040353616,
        1.111904265225156,
        1.1837963842565211,
        1.1872412665098426,
        0.9910214130795794,
        0.9692221301710771,
        1.223490018542809,
        1.0727315683014802,
        1.036818123715018,
        1.092256649383881,
        1.3930545541627977,
        1.498655775977218,
        1.2828956270599379,
        1.5178557701426774,
        1.6625445973701203,
        1.0719106452097549,
        1.3855903360157613,
        1.103694791000005,
        1.477543035808664,
        1.7712185930907323,
        1.7616677384341108,
        1.6841262790571467,
        1.4224446407181228
    ],
    "train_mse_price": [
        0.0006700936196161978,
        0.0006591457990403988,
        0.0006378218434000862,
        0.0006351010766205698,
        0.0006160653868410244,
        0.0005975304718338861,
        0.0005885595907875517,
        0.0005793828872091843,
        0.0005683932752277623,
        0.0005558550765288882,
        0.0005456825530230838,
        0.0005683390796029891,
        0.0005397903845903816,
        0.0005349476686653337,
        0.0005115102677223513,
        0.0004963513658723763,
        0.0004732573474872979,
        0.0004635887454522169,
        0.0004520574006812931,
        0.00045718813230613293,
        0.00043557199664929195,
        0.00041348613826848007,
        0.00040532500405736414,
        0.00039783458707606063,
        0.0003675628078117608,
        0.0003772419876227551,
        0.00035828326193006036,
        0.0003808155352178511,
        0.0003566845796954486,
        0.00034206535219493046,
        0.0003508023293093637,
        0.0003740643641552865,
        0.0003185155297415225,
        0.00033093008927872504,
        0.00032223698511552366,
        0.00029717751083692395,
        0.0003067436501994138,
        0.000293327866552546,
        0.0003449955304946979,
        0.0002844352439045767,
        0.0002691527798801363
    ],
    "val_mse_price": [
        0.0005960040174912462,
        0.0006408707064157681,
        0.000637356665216535,
        0.0006432856854453575,
        0.0006844855764018622,
        0.000675783891112018,
        0.0006718497398593173,
        0.0006687490388416032,
        0.0007007347340664984,
        0.0006942757187445655,
        0.0006444851077557351,
        0.0006683993439648894,
        0.0006618596861976254,
        0.000691975108051656,
        0.000674187621427662,
        0.0007170969816745628,
        0.000827600449709337,
        0.0008523034722524065,
        0.0009091419191381723,
        0.0007289431905860154,
        0.0007760743180920154,
        0.0007783326739158591,
        0.0006496947027208038,
        0.0006354035184284206,
        0.0008020967129048532,
        0.0007032623438889296,
        0.0006797181382704638,
        0.0007160626160945969,
        0.0009132599752105658,
        0.000982490137271949,
        0.0008410418325391031,
        0.0009950772717342204,
        0.0010899325105320297,
        0.0007027241195408565,
        0.0009083665677064206,
        0.0007235612290460215,
        0.0009686489737640821,
        0.001161177054268204,
        0.0011549157244260427,
        0.0011040810302643193,
        0.0009325275481576676
    ],
    "train_mae_price": [
        0.017793532518514524,
        0.01756734098075968,
        0.017224345409523178,
        0.017324512953036802,
        0.017006136571328215,
        0.016779458923064757,
        0.016691692514315733,
        0.01665436587574608,
        0.016452279642442096,
        0.016344805571641613,
        0.016331316791327426,
        0.01671048042269224,
        0.016125264259912453,
        0.016327870788194913,
        0.015840561114385854,
        0.015645497534349007,
        0.015469025656265342,
        0.015251533501845518,
        0.015083363178488175,
        0.014992579766611336,
        0.014503439113748963,
        0.01425883716023402,
        0.014224098801440125,
        0.014191764781665978,
        0.013553342679019038,
        0.013995432596908362,
        0.013633752822988008,
        0.01372119702381138,
        0.01300448355795339,
        0.01282993159554759,
        0.013470753477932055,
        0.013619812507681881,
        0.012542085759354686,
        0.012983988839779761,
        0.012797400276428388,
        0.012423087847123074,
        0.012739715981073438,
        0.012158702312861923,
        0.013512662310140333,
        0.012393037436892948,
        0.01180452977557006
    ],
    "val_mae_price": [
        0.017061600787436973,
        0.01784751929196434,
        0.017849152123799027,
        0.01803545479787306,
        0.01878961879044449,
        0.01867274243693812,
        0.018646105812722594,
        0.01864567821844632,
        0.01911537575474454,
        0.018968900849204287,
        0.018222551777984177,
        0.018658467302090618,
        0.018446437947538776,
        0.018993400926917293,
        0.01891597056439375,
        0.01931360664465594,
        0.021223784927984806,
        0.02161436590424763,
        0.02245424349891634,
        0.019882276993771368,
        0.020364726302212092,
        0.019915228121546953,
        0.018255547387518,
        0.018475759672913896,
        0.020099953860778112,
        0.019257781312462943,
        0.01831603339659193,
        0.018893555741702015,
        0.022336255745000363,
        0.02349377119774362,
        0.02104993209838159,
        0.023570207488212813,
        0.024625445108895357,
        0.019359290723493846,
        0.021862092303497022,
        0.01938983192378472,
        0.023024053666862714,
        0.025516941697952225,
        0.025152929177591796,
        0.025084138486766987,
        0.0225606198854329
    ],