{
    "epoch": [
        1,
        2,
        3,
        4,
        5,
        6,
        7,
        8,
        9,
        10,
        11,
        12,
        13,
        14,
        15,
        16,
        17,
        18,
        19,
        20,
        21,
        22,
        23,
        24,
        25,
        26,
        27,
        28,
        29,
        30,
        31,
        32,
        33,
        34,
        35,
        36,
        37,
        38,
        39,
        40,
        41,
        42,
        43,
        44,
        45,
        46,
        47,
        48,
        49,
        50,
        51,
        52,
        53,
        54,
        55,
        56,
        57,
        58,
        59,
        60,
        61,
        62,
        63,
        64,
        65,
        66,
        67,
        68
    ],
    "train_mse_scaled": [
        1.014382910349359,
        1.0159879018553688,
        1.0007485402616962,
        0.9861022333821928,
        0.9627671902603329,
        0.936683606635934,
        0.9021332885951964,
        0.8676606313630512,
        0.8323708952745598,
        0.7973862557316458,
        0.7613456783338102,
        0.7278297877852205,
        0.7035978682770822,
        0.6799732002387832,
        0.6747402674278131,
        0.6900190647970325,
        0.6631325581643812,
        0.6559052778781111,
        0.6402663597036006,
        0.6425966213080885,
        0.6790667889293173,
        0.6421070868518125,
        0.616933174957663,
        0.5983159307899923,
        0.5823632334227287,
        0.5807297188049698,
        0.5606428126379279,
        0.5379434797327409,
        0.5287444331310701,
        0.5113851393672617,
        0.5047210268172398,
        0.4915611892544914,
        0.5002056845930096,
        0.47377704394977543,
        0.4880033393421359,
        0.45652780129796977,
        0.49653351347433106,
        0.4857922789716544,
        0.43690254249909916,
        0.4277191544035573,
        0.47169351404921456,
        0.4550541992372455,
        0.40344853083275234,
        0.40261820010482263,
        0.3682481965909733,
        0.3975523088313217,
        0.3861161401480625,
        0.3860384635413632,
        0.40682843517692163,
        0.3680820608896282,
        0.3481606746810868,
        0.32237944973368127,
        0.348348068351981,
        0.3663115771088425,
        0.39702885698681484,
        0.37478826747376254,
        0.3187306563316581,
        0.3528179329452186,
        0.3442848252739456,
        0.31254557524746035,
        0.2746427863506585,
        0.29548851258499603,
        0.27399652580917666,
        0.2717536248943037,
        0.30901166870289865,
        0.3270167302261244,
        0.30967907812507783,
        0.26618535671143284
    ],
    "val_mse_scaled": [
        1.285330321431722,
        1.2835897617510308,
        1.2827573402516588,
        1.282170417001086,
        1.2827130228623067,
        1.2826249855557292,
        1.282572429649008,
        1.2824543676833378,
        1.2824223590273065,
        1.2826454954648367,
        1.2826566514890396,
        1.2825951589672417,
        1.282353894812038,
        1.2826259185895328,
        1.2827309207599271,
        1.281656769692261,
        1.2825910111847592,
        1.28218400222619,
        1.2817244287540057,
        1.28832584881926,
        1.288011945299654,
        1.2742182679357938,
        1.28761210157198,
        1.2873364287567506,
        1.287266984113939,
        1.286563797606974,
        1.2845236511315776,
        1.269273621804308,
        1.2862329515055828,
        1.2861062544142177,
        1.2766572168794452,
        1.2713800592805162,
        1.285938195320928,
        1.2858987220059779,
        1.2855776927371476,
        1.2855078960384427,
        1.2855362982652057,
        1.2855451157125983,
        1.285545836660012,
        1.2855332300086664,
        1.2854816183161963,
        1.2854546809185488,
        1.2854705679506409,
        1.2854762603848,
        1.2855130162032795,
        1.2855940794655791,
        1.2856703197016501,
        1.278720808065226,
        1.285858187721216,
        1.2859262785618006,
        1.2861601118298318,
        1.2757503427527543,
        1.2865285247868499,
        1.286531140513797,
        1.2866041354770255,
        1.2867152097493206,
        1.2870415111791507,
        1.2871195508553008,
        1.2872957351041072,
        1.2873427578099748,
        1.2764541587323859,
        1.2733284313799231,
        1.2866690932264206,
        1.2872988372377399,
        1.2717008385398882,
        1.281266983305144,
        1.27285172569757,
        1.289140583413105
    ],
    "train_mse_price": [
        0.0001830521608623416,
        0.00018334179391143643,
        0.00018059174832071986,
        0.00017794872491053217,
        0.00017373776098736493,
        0.00016903080194587857,
        0.0001627959694688312,
        0.00015657514681870674,
        0.0001502068783232435,
        0.00014389366787567076,
        0.0001373899055883714,
        0.00013134173976438152,
        0.00012696892665670242,
        0.00012270569934768528,
        0.0001217613812897266,
        0.00012451854256265415,
        0.0001196666920965604,
        0.00011836248220093004,
        0.00011554033407093924,
        0.00011596084502005196,
        0.0001225421312069158,
        0.00011587250704258543,
        0.0001113297054325222,
        0.00010797010066432671,
        0.00010509132837771619,
        0.00010479654979084392,
        0.00010117173475472773,
        9.707548941242163e-05,
        9.541545842019713e-05,
        9.228285872669138e-05,
        9.108027415128105e-05,
        8.870549446090027e-05,
        9.026545100026691e-05,
        8.549622650228285e-05,
        8.806345652305761e-05,
        8.23834858829976e-05,
        8.960278324233248e-05,
        8.766445584654186e-05,
        7.884197719719973e-05,
        7.718477327832963e-05,
        8.512023951961077e-05,
        8.211756505244174e-05,
        7.28049770358505e-05,
        7.26551392136007e-05,
        6.645284254820343e-05,
        7.174096505609094e-05,
        6.967723154820092e-05,
        6.966321513668063e-05,
        7.341490375205671e-05,
        6.642286219988874e-05,
        6.28279152688678e-05,
        5.817552082746327e-05,
        6.286173201836211e-05,
        6.610336659449592e-05,
        7.164650470131935e-05,
        6.763304174350954e-05,
        5.75170723433214e-05,
        6.366834805945145e-05,
        6.212849209670914e-05,
        5.640093253569378e-05,
        4.95611220740298e-05,
        5.332287192012575e-05,
        4.944449978481279e-05,
        4.903975315412661e-05,
        5.576321652841439e-05,
        5.9012349945619144e-05,
        5.588365479818514e-05,
        4.8034922802703556e-05
    ],