{
    "epoch": [
        1,
        2,
        3,
        4,
        5,
        6,
        7,
        8,
        9,
        10,
        11,
        12,
        13,
        14,
        15,
        16,
        17,
        18,
        19,
        20,
        21,
        22,
        23,
        24,
        25,
        26,
        27,
        28,
        29,
        30,
        31,
        32,
        33,
        34,
        35,
        36,
        37,
        38,
        39,
        40,
        41,
        42,
        43,
        44,
        45,
        46,
        47,
        48,
        49,
        50,
        51,
        52,
        53,
        54,
        55,
        56,
        57,
        58,
        59,
        60,
        61,
        62,
        63,
        64,
        65,
        66,
        67,
        68,
        69,
        70,
        71
    ],
    "train_mse_scaled": [
        0.0019250793848186731,
        0.0017038603546097875,
        0.001557571580633521,
        0.0013730897335335612,
        0.0012171408161520958,
        0.0010349324438720942,
        0.0008262701448984444,
        0.0007033809088170528,
        0.0005416617495939136,
        0.00037024045013822615,
        0.0002977586118504405,
        0.00017692273831926286,
        0.00011211001401534304,
        7.166526484070346e-05,
        5.5540254834340885e-05,
        4.656233068089932e-05,
        4.543408431345597e-05,
        3.946938886656426e-05,
        4.066469773533754e-05,
        3.5951747122453526e-05,
        4.044004526804201e-05,
        3.537681914167479e-05,
        3.033096254512202e-05,
        2.8552402000059374e-05,
        3.284962076577358e-05,
        2.7566646167542785e-05,
        2.7648966351989657e-05,
        2.694138493097853e-05,
        2.497165769455023e-05,
        2.0497944205999374e-05,
        2.5410963644389994e-05,
        2.1469788407557644e-05,
        1.4880095477565192e-05,
        2.2736896426067688e-05,
        2.0528508684947155e-05,
        1.6029513062676415e-05,
        2.125484388670884e-05,
        1.8134138372261077e-05,
        1.8824091966962442e-05,
        1.3694480912818108e-05,
        1.3268318980408367e-05,
        1.1430502127041109e-05,
        1.127580526372185e-05,
        8.601983608969022e-06,
        2.112814581778366e-05,
        1.1403120879549533e-05,
        1.6292542568407953e-05,
        1.4216212548490148e-05,
        1.783327570592519e-05,
        7.756583727314137e-06,
        8.5628826127504e-06,
        1.2883232557214797e-05,
        8.64511002873769e-06,
        7.167516741901636e-06,
        7.93858907854883e-06,
        7.049791747704148e-06,
        7.2548109528725035e-06,
        8.773386070970446e-06,
        6.7737041717919055e-06,
        7.766905582684558e-06,
        9.881664482236374e-06,
        6.607044269912876e-06,
        6.9150241870374884e-06,
        6.409659363271203e-06,
        8.35187984193908e-06,
        1.162643457064405e-05,
        5.7284241847810335e-06,
        5.938503818470053e-06,
        6.6144448283012025e-06,
        4.158020146860508e-06,
        1.1814674508059397e-05
    ],
    "val_mse_scaled": [
        0.0005041325930505991,
        0.0003980078035965562,
        0.00036660011392086744,
        0.00032458221539855003,
        0.0002715206064749509,
        0.00022416636056732386,
        0.00018265214748680592,
        0.00013692560605704784,
        9.168394899461418e-05,
        0.0008461321122013032,
        3.771319461520761e-05,
        3.973564162151888e-05,
        5.216781937633641e-05,
        6.053643664927222e-05,
        6.492708052974194e-05,
        7.078230555634946e-05,
        8.053339115576819e-05,
        6.457587733166292e-05,
        8.217853610403836e-05,
        6.594570731977001e-05,
        9.119659807765856e-05,
        9.2412403319031e-05,
        8.26825198601e-05,
        9.793719800654799e-05,
        6.517850852105767e-05,
        7.082135562086478e-05,
        9.731754107633606e-05,
        5.576041803578846e-05,
        5.674136627931148e-05,
        5.1252718549221754e-05,
        6.10338720434811e-05,
        7.41776020731777e-05,
        0.00012148886889917776,
        7.070618448778987e-05,
        9.263768151868135e-05,
        7.571579044451937e-05,
        6.24816311756149e-05,
        4.9379181291442364e-05,
        6.291622412391007e-05,
        9.971303370548412e-05,
        6.828549521742389e-05,
        6.33167801424861e-05,
        6.250842852750793e-05,
        0.0005032106419093907,
        6.0836369812022895e-05,
        6.08887494308874e-05,
        4.825610085390508e-05,
        6.537073932122439e-05,
        7.59951290092431e-05,
        6.028259304002859e-05,
        6.96219431119971e-05,
        5.8184410590911284e-05,
        6.76800700603053e-05,
        6.470937660196796e-05,
        6.214999302756041e-05,
        5.814720498165116e-05,
        6.386033055605367e-05,
        5.079822221887298e-05,
        5.897559458389878e-05,
        6.42400627839379e-05,
        6.389532063622028e-05,
        5.8431462093722075e-05,
        5.242147744866088e-05,
        5.747116301790811e-05,
        5.48630632692948e-05,
        6.550209218403324e-05,
        5.763485751231201e-05,
        5.7462613767711446e-05,
        5.277980017126538e-05,
        4.825621726922691e-05,
        5.300588964018971e-05
    ],
    "train_mse_price": [
        74595.734375,
        66023.6015625,
        60354.99609375,
        53206.4375,
        47163.50390625,
        40103.02734375,
        32017.48828125,
        27255.607421875,
        20989.08203125,
        14346.60546875,
        11537.974609375,
        6855.654296875,
        4344.19970703125,
        2776.98828125,
        2152.152587890625,
        1804.2635498046875,
        1760.54443359375,
        1529.416015625,
        1575.7337646484375,
        1393.1097412109375,
        1567.028564453125,
        1370.8310546875,
        1175.307373046875,
        1106.3890380859375,
        1272.9039306640625,
        1068.19189453125,
        1071.38134765625,
        1043.9632568359375,
        967.6373901367188,
        794.2835693359375,
        984.6602783203125,
        831.9417114257812,
        576.59521484375,
        881.0416870117188,
        795.4678344726562,
        621.1343383789062,
        823.6129150390625,
        702.6873779296875,
        729.4227294921875,
        530.6532592773438,
        514.1397094726562,
        442.92547607421875,
        436.9307556152344,
        333.3219909667969,
        818.7034912109375,
        441.8641662597656,
        631.32666015625,
        550.8701171875,
        691.0291748046875,
        300.5632629394531,
        331.8067626953125,
        499.2178649902344,
        334.9930114746094,
        277.7372741699219,
        307.6156921386719,
        273.1753845214844,
        281.11962890625,
        339.9636535644531,
        262.47705078125,
        300.963134765625,
        382.9088439941406,
        256.0191650390625,
        267.953125,
        248.37059020996094,
        323.6304626464844,
        450.517578125,
        221.9731903076172,
        230.11354064941406,
        256.3058776855469,
        161.1208953857422,
        457.81182861328125
    ],