{
    "epoch": [
        1,
        2,
        3,
        4,
        5,
        6,
        7,
        8,
        9,
        10,
        11,
        12,
        13,
        14,
        15,
        16,
        17,
        18,
        19,
        20,
        21,
        22,
        23,
        24,
        25,
        26,
        27,
        28,
        29,
        30,
        31,
        32,
        33,
        34,
        35,
        36,
        37,
        38,
        39,
        40,
        41,
        42,
        43,
        44,
        45,
        46,
        47,
        48,
        49,
        50,
        51,
        52,
        53,
        54,
        55,
        56,
        57,
        58,
        59,
        60,
        61,
        62
    ],
    "train_mse_scaled": [
        0.11107350140810013,
        0.07483537495136261,
        0.06483117491006851,
        0.0601351298391819,
        0.060279522091150284,
        0.06033018231391907,
        0.05853855982422829,
        0.0580952912569046,
        0.058331411331892014,
        0.0575939379632473,
        0.05857670307159424,
        0.055964697152376175,
        0.056691523641347885,
        0.055068258196115494,
        0.05508418008685112,
        0.05419790372252464,
        0.05366523563861847,
        0.0536448210477829,
        0.05331718549132347,
        0.052155643701553345,
        0.05274133011698723,
        0.0517718605697155,
        0.051730114966630936,
        0.05040231719613075,
        0.05036025866866112,
        0.049533963203430176,
        0.04899111017584801,
        0.04988398775458336,
        0.047908965498209,
        0.048185765743255615,
        0.04705517366528511,
        0.04697791859507561,
        0.046087007969617844,
        0.045942965894937515,
        0.04517076537013054,
        0.045139130204916,
        0.04528309404850006,
        0.045621443539857864,
        0.0433419793844223,
        0.04270859435200691,
        0.04232502356171608,
        0.0439230240881443,
        0.041791561990976334,
        0.043260205537080765,
        0.041951850056648254,
        0.04088601842522621,
        0.04040749743580818,
        0.0394752137362957,
        0.0391361303627491,
        0.03782917559146881,
        0.03834233433008194,
        0.03822785243391991,
        0.03833049163222313,
        0.03638835623860359,
        0.035871848464012146,
        0.03662579134106636,
        0.03543007746338844,
        0.03467131778597832,
        0.034790050238370895,
        0.033278997987508774,
        0.03324715420603752,
        0.03330838307738304
    ],
    "val_mse_scaled": [
        0.02658386342227459,
        0.015541956759989262,
        0.016970720142126083,
        0.018572678789496422,
        0.01848147250711918,
        0.01823323778808117,
        0.01986156590282917,
        0.022837312892079353,
        0.02563711628317833,
        0.023087775334715843,
        0.025914495810866356,
        0.023147109895944595,
        0.024914810433983803,
        0.02449938841164112,
        0.027642663568258286,
        0.02739875391125679,
        0.028852861374616623,
        0.028726615011692047,
        0.03298809751868248,
        0.032736122608184814,
        0.03514595702290535,
        0.0331607386469841,
        0.033093079924583435,
        0.03773466497659683,
        0.038391564041376114,
        0.04232727363705635,
        0.04578545317053795,
        0.05004062503576279,
        0.04474861919879913,
        0.04772157222032547,
        0.0485420748591423,
        0.04788836091756821,
        0.049199722707271576,
        0.05155313014984131,
        0.055601224303245544,
        0.061849143356084824,
        0.06528854370117188,
        0.053761549293994904,
        0.05877072736620903,
        0.06420978158712387,
        0.06771552562713623,
        0.07898063212633133,
        0.07199684530496597,
        0.06107545271515846,
        0.0743815004825592,
        0.08123518526554108,
        0.07587391883134842,
        0.07270413637161255,
        0.07690346240997314,
        0.08137299120426178,
        0.0942867174744606,
        0.08709456026554108,
        0.09644198417663574,
        0.09250367432832718,
        0.08896126598119736,
        0.08346806466579437,
        0.08831211924552917,
        0.10516307502985,
        0.10689055919647217,
        0.10129939019680023,
        0.10412368178367615,
        0.10284474492073059
    ],
    "train_mse_price": [
        0.000739807786885649,
        0.0004984427941963077,
        0.0004318095452617854,
        0.0004005314549431205,
        0.00040149313281290233,
        0.0004018305044155568,
        0.00038989746826700866,
        0.00038694505929015577,
        0.00038851771387271583,
        0.00038360580219887197,
        0.0003901515156030655,
        0.00037275408976711333,
        0.0003775951627176255,
        0.00036678335163742304,
        0.00036688949330709875,
        0.00036098642158322036,
        0.00035743857733905315,
        0.00035730257513932884,
        0.00035512036993168294,
        0.0003473839024081826,
        0.0003512848634272814,
        0.0003448276547715068,
        0.0003445496258791536,
        0.00033570584491826594,
        0.0003354256914462894,
        0.0003299221571069211,
        0.0003263064136262983,
        0.0003322534030303359,
        0.0003190987918060273,
        0.00032094240305013955,
        0.00031341207795776427,
        0.0003128975222352892,
        0.0003069635422434658,
        0.0003060042508877814,
        0.0003008609637618065,
        0.0003006502229254693,
        0.00030160907772369683,
        0.00030386270373128355,
        0.000288680283119902,
        0.0002844615955837071,
        0.00028190677403472364,
        0.0002925503358710557,
        0.0002783536911010742,
        0.00028813560493290424,
        0.00027942124870605767,
        0.00027232227148488164,
        0.00026913502370007336,
        0.00026292557595297694,
        0.0002606671187095344,
        0.000251962075708434,
        0.00025538000045344234,
        0.0002546174800954759,
        0.00025530109996907413,
        0.00024236545141320676,
        0.000238925262237899,
        0.0002439469244563952,
        0.00023598286497872323,
        0.00023092915944289416,
        0.00023171992506831884,
        0.00022165552945807576,
        0.0002214434207417071,
        0.00022185128182172775
    ],