{
    "epoch": [
        1,
        2,
        3,
        4,
        5,
        6,
        7,
        8,
        9,
        10,
        11,
        12,
        13,
        14,
        15,
        16,
        17,
        18,
        19,
        20,
        21,
        22,
        23,
        24,
        25,
        26,
        27,
        28,
        29,
        30,
        31,
        32,
        33,
        34,
        35,
        36,
        37,
        38,
        39,
        40,
        41,
        42,
        43,
        44,
        45,
        46,
        47,
        48,
        49,
        50,
        51,
        52,
        53,
        54,
        55,
        56,
        57,
        58,
        59,
        60,
        61,
        62
    ],
    "train_mse_scaled": [
        0.002207858033422273,
        0.005826211259792529,
        0.0056170510065599475,
        0.007123515995288281,
        0.005275521491693577,
        0.005603680488658491,
        0.009059059457944298,
        0.006879406641843364,
        0.003970812783519067,
        0.010126140108581079,
        0.006442560103383571,
        0.003498582501484694,
        0.005871644633567653,
        0.005530876061978859,
        0.008973706467916445,
        0.005836924315918706,
        0.009442197103302147,
        0.006014430357321824,
        0.005613720359941649,
        0.006695953196568036,
        0.005214753472406537,
        0.008250778102881079,
        0.00864152158392545,
        0.005221285528079918,
        0.006652289304746014,
        0.004795617621121544,
        0.005394392768364411,
        0.005118991994451944,
        0.005337558021413539,
        0.004873819087171119,
        0.006876981356089248,
        0.00624949936542869,
        0.005270843564236759,
        0.00679380784856593,
        0.005749568091315788,
        0.0037880377022475593,
        0.004525002910153249,
        0.0037593737311240835,
        0.005468352652929033,
        0.005305389136394661,
        0.005349309755319519,
        0.00478119219440658,
        0.0037838141914073938,
        0.004087964792911332,
        0.004063830224691613,
        0.003931944016184684,
        0.003997690314685864,
        0.0041550777081914075,
        0.004182397928969457,
        0.004025569644519896,
        0.004104104257219386,
        0.0040993201050854135,
        0.004046886435985371,
        0.003963803846420079,
        0.004251003979059295,
        0.004079736839605312,
        0.004027536434999108,
        0.00394555238697224,
        0.003909594003287198,
        0.003790725016082668,
        0.0037546987176882976,
        0.0037241403628040853
    ],
    "val_mse_scaled": [
        0.0247155166449506,
        0.016138961064512212,
        0.01741917050759754,
        0.02399374230510356,
        0.02286442483383813,
        0.01664916505162041,
        0.01822909125044891,
        0.02469626354012503,
        0.019028133095788394,
        0.020977754371886544,
        0.025600695622809994,
        0.0184324786558873,
        0.019629922810067965,
        0.017511876343907676,
        0.016692408809017636,
        0.017158493901772078,
        0.021724713296037746,
        0.02158769845492173,
        0.016680733629036094,
        0.016679940276817323,
        0.01666856118048961,
        0.020253424769677338,
        0.025109954887366587,
        0.02203161775675204,
        0.0249086581943739,
        0.021957221215329236,
        0.0222405718026309,
        0.02381628104214805,
        0.021631831809257613,
        0.016667380019748497,
        0.024275335155150048,
        0.016726588190229187,
        0.01832725214870834,
        0.016663727301027186,
        0.01686081329535848,
        0.016832542182823523,
        0.01849912943516852,
        0.020179469040406357,
        0.017619595817329782,
        0.017957505889909724,
        0.017602698652893534,
        0.017990355452245255,
        0.01757695673909822,
        0.018760962843422675,
        0.019782331581330047,
        0.019918904652195674,
        0.02115106877495401,
        0.021283483391115108,
        0.020916649103873423,
        0.02130285630413797,
        0.02138265458546242,
        0.02161111607233305,
        0.021435586993979395,
        0.02139440988726877,
        0.021577048938692073,
        0.021647398074032004,
        0.021660620005980173,
        0.021749752786556463,
        0.021667344154930546,
        0.0215134614436383,
        0.02148444536895836,
        0.021531615191979214
    ],
    "train_mse_price": [
        5.624478075786246,
        14.842167160819486,
        14.309335570425205,
        18.147028467242887,
        13.439295742043925,
        14.275274826147998,
        23.077790771373632,
        17.525163052895167,
        10.115573410809729,
        25.79615861862744,
        16.41230548946241,
        8.91257524958551,
        14.95790881039193,
        14.089806395364944,
        22.860354975218655,
        14.86945849045384,
        24.053826264678907,
        15.3216523850559,
        14.300850770403226,
        17.057819539928076,
        13.284489674245021,
        21.01870791161171,
        22.014119704960432,
        13.301130678464034,
        16.946586224763003,
        12.216749532765618,
        13.742118353191962,
        13.040539507941368,
        13.597332090559263,
        12.415965376752983,
        17.518986114219725,
        15.920486009716782,
        13.427378068372619,
        17.307102502057198,
        14.646920628481707,
        9.649956726485984,
        11.527362675995175,
        9.576936262110197,
        13.930528738545235,
        13.515382130229488,
        13.62726982345585,
        12.180000635892672,
        9.639197267184544,
        10.414016255495746,
        10.35253382162611,
        10.01655593958599,
        10.184043658061375,
        10.584984990633401,
        10.654582471271866,
        10.255065774370907,
        10.455130304657056,
        10.44294364483287,
        10.309369701414266,
        10.097718434697628,
        10.829355646801451,
        10.39305575621479,
        10.260075745159469,
        10.051223680435047,
        9.959620102935759,
        9.656803160772165,
        9.565026258065501,
        9.487180036835053
    ],
    "val_mse_price": [
        62.96234889355005,
        41.11370471912994,
        44.37502685761505,
        61.123634140235986,
        58.246720808767854,
        42.41344476673005,
        46.43829134197453,
        62.91330076856902,
        48.47383746064491,
        53.44046293763905,
        65.21731564865085,
        46.956419713464335,
        50.006873338248155,
        44.611185737195626,
        42.52360794256515,
        43.710946276981346,
        55.34330522747856,
        54.99427254056258,
        42.49386890578389,
        42.491845152364135,
        42.462851146283036,
        51.59523073578984,
        63.96715137475441,
        56.12515045754862,
        63.454345241854,
        55.935614019322365,
        56.657466454060426,
        60.67154205175282,
        55.106689797960684,
        42.45986258446014,
        61.840973409750774,
        42.61067945798328,
        46.68834459140029,
        42.450544968353476,
        42.95261936624767,
        42.88059938777955,
        47.126208384340536,
        51.40682943642166,
        44.88560018812516,
        45.74642358298699,
        44.842555696451505,
        45.8301032188847,
        44.776996238520766,
        47.793210428526315,
        50.39512816313071,
        50.74304867451147,
        53.88196189603463,
        54.219304418573344,
        53.28478237627203,
        54.26863664027646,
        54.47192378255085,
        55.05392281624526,
        54.606770268909656,
        54.501871653655066,
        54.96713447869501,
        55.14635194344632,
        55.18004724471157,
        55.4070988908557,
        55.19718404778901,
        54.80515083516103,
        54.7312318995926,
        54.85140183547032
    ],