{
    "epoch": [
        1,
        2,
        3,
        4,
        5,
        6,
        7,
        8,
        9,
        10,
        11,
        12,
        13,
        14,
        15,
        16,
        17,
        18,
        19,
        20,
        21,
        22,
        23,
        24,
        25,
        26,
        27,
        28,
        29,
        30,
        31,
        32,
        33,
        34,
        35,
        36,
        37,
        38,
        39,
        40,
        41,
        42,
        43,
        44,
        45,
        46,
        47,
        48,
        49,
        50,
        51,
        52,
        53,
        54,
        55,
        56,
        57,
        58,
        59,
        60,
        61,
        62,
        63,
        64,
        65,
        66,
        67,
        68
    ],
    "train_mse_scaled": [
        0.007382228504866362,
        0.000602412037551403,
        0.00044256154797039926,
        0.0002910192415583879,
        0.00018076309061143547,
        0.0001147299844888039,
        8.239608723670244e-05,
        6.640733772655949e-05,
        5.897717710467987e-05,
        5.13385639351327e-05,
        4.988076034351252e-05,
        4.514316242421046e-05,
        3.918163201888092e-05,
        3.7176356272539124e-05,
        3.4867331123678014e-05,
        3.3766726119210944e-05,
        2.9533106499002315e-05,
        3.0467810574918985e-05,
        2.9221690056147054e-05,
        3.055685374420136e-05,
        2.3547998353024013e-05,
        2.5376317353220657e-05,
        2.4322280296473764e-05,
        2.404305814707186e-05,
        2.0770547052961774e-05,
        2.3913986296975054e-05,
        2.1673988157999702e-05,
        2.1600242689601146e-05,
        2.1307459974195808e-05,
        2.099964149238076e-05,
        1.9241564586991444e-05,
        2.0541559933917597e-05,
        1.8230452042189427e-05,
        1.7600359569769353e-05,
        1.6991036318358965e-05,
        1.4432005627895705e-05,
        1.9530907593434677e-05,
        1.5880485079833306e-05,
        1.5082569007063285e-05,
        1.560027703817468e-05,
        1.4606856893806253e-05,
        1.5192375030892435e-05,
        1.4778006516280584e-05,
        1.3155758097127546e-05,
        1.2825380508729722e-05,
        1.3688739272765815e-05,
        1.2239769603183959e-05,
        1.1173900929861702e-05,
        1.320974752161419e-05,
        1.0057907275040634e-05,
        1.1645982340269256e-05,
        1.1062544217566028e-05,
        9.272356692235917e-06,
        1.135310776589904e-05,
        1.0409594324300997e-05,
        1.0929094059974886e-05,
        9.018719538289588e-06,
        9.703252544568386e-06,
        9.238528036803473e-06,
        9.853163646766916e-06,
        9.875672731141094e-06,
        9.16389672056539e-06,
        8.138893463183194e-06,
        8.636123311589472e-06,
        9.263891115551814e-06,
        8.946210073190741e-06,
        9.265398148272652e-06,
        8.808272468741052e-06
    ],
    "val_mse_scaled": [
        3.3349650038871914e-05,
        2.3774167857482098e-05,
        2.7826436053146608e-05,
        1.1458198059699498e-05,
        4.335297944635386e-06,
        2.188558482885128e-06,
        3.5222817587055033e-06,
        1.3737904964727932e-06,
        1.428330233466113e-05,
        1.72434965861612e-06,
        1.8144784235119005e-06,
        2.4290577584906714e-06,
        2.0381203285069205e-06,
        3.477513018879108e-06,
        4.1432917896599974e-06,
        4.602085937222e-06,
        6.31011744189891e-06,
        1.0304317584086675e-05,
        6.094469881645637e-06,
        5.955876531515969e-06,
        4.5148808567319065e-06,
        4.892211109108757e-06,
        4.308013103582198e-06,
        4.730754426418571e-06,
        7.253474905155599e-06,
        5.951701950834831e-06,
        7.521078714489704e-06,
        7.823755368008278e-06,
        7.228153208416188e-06,
        6.255491825868376e-06,
        6.1223354350659065e-06,
        7.693845873291139e-06,
        6.987406322878087e-06,
        7.307098712772131e-06,
        7.760409062029794e-06,
        1.2086153219570406e-05,
        7.4760650932148565e-06,
        9.478487299929839e-06,
        7.3175142460968345e-06,
        7.585102139273658e-06,
        5.8780988183571026e-06,
        5.315450380294351e-06,
        6.1040673244860955e-06,
        6.246077646210324e-06,
        4.596253802446881e-06,
        7.167276180553017e-06,
        6.9607367549906485e-06,
        5.443346708489116e-06,
        1.393855291098589e-05,
        6.498788479802897e-06,
        5.4579932111664675e-06,
        9.094204870052636e-06,
        4.23102983404533e-06,
        7.594895123474998e-06,
        1.2395054909575265e-05,
        5.306771981850034e-06,
        5.515679731615819e-06,
        4.919769253319828e-06,
        6.722194029862294e-06,
        6.097855475672986e-06,
        5.930486622673925e-06,
        5.4205233936954755e-06,
        4.2856527215917595e-06,
        4.955904387315968e-06,
        3.819082849076949e-06,
        5.933721695328131e-06,
        5.252905793895479e-06,
        3.7563634123216616e-06
    ],
    "train_mse_price": [
        22007596.0,
        1795886.375,
        1319346.5,
        867574.75,
        538883.5625,
        342028.34375,
        245635.859375,
        197970.859375,
        175820.359375,
        153048.515625,
        148702.5625,
        134578.984375,
        116806.703125,
        110828.6796875,
        103945.078125,
        100664.046875,
        88042.90625,
        90829.3984375,
        87114.5234375,
        91094.8671875,
        70200.3515625,
        75650.859375,
        72508.5859375,
        71676.203125,
        61920.3203125,
        71291.4140625,
        64613.60546875,
        64393.77734375,
        63520.9453125,
        62603.30859375,
        57362.18359375,
        61237.671875,
        54347.89453125,
        52469.4765625,
        50653.0,
        43024.12109375,
        58224.7578125,
        47342.26953125,
        44963.55078125,
        46506.91796875,
        43545.37890625,
        45290.91015625,
        44055.60546875,
        39219.41796875,
        38234.51171875,
        40808.30859375,
        36488.71484375,
        33311.1796875,
        39380.36328125,
        29984.232421875,
        34718.53515625,
        32979.20703125,
        27642.37109375,
        33845.4140625,
        31032.66015625,
        32581.375,
        26886.236328125,
        28926.9375,
        27541.521484375,
        29373.837890625,
        29440.955078125,
        27319.041015625,
        24263.337890625,
        25745.65625,
        27617.13671875,
        26670.06640625,
        27621.62890625,
        26258.8671875
    ],