{
    "epoch": [
        1,
        2,
        3,
        4,
        5,
        6,
        7,
        8,
        9,
        10,
        11,
        12,
        13,
        14,
        15,
        16,
        17,
        18,
        19,
        20,
        21,
        22,
        23,
        24,
        25,
        26,
        27,
        28,
        29,
        30,
        31,
        32,
        33,
        34,
        35,
        36,
        37,
        38,
        39,
        40,
        41,
        42,
        43,
        44,
        45,
        46,
        47,
        48,
        49,
        50,
        51,
        52,
        53,
        54,
        55,
        56,
        57,
        58,
        59,
        60,
        61,
        62,
        63,
        64,
        65,
        66,
        67,
        68,
        69,
        70
    ],
    "train_mse_scaled": [
        0.07055613453000267,
        0.012477292827877216,
        0.010483689200502582,
        0.009028139182905572,
        0.008202835790443423,
        0.00759760930983521,
        0.007309546057957575,
        0.007139293501144506,
        0.0069462843828008505,
        0.0068666167647911955,
        0.006829193273666436,
        0.006816732685398078,
        0.006760021578450755,
        0.006760277645817594,
        0.006781914440761056,
        0.006758220856374106,
        0.006753768701083721,
        0.006742344743805335,
        0.0067360694405442225,
        0.0067412402661523865,
        0.006724635203995201,
        0.006712879144774498,
        0.0067177966818698955,
        0.006696386977393896,
        0.0066934038943365914,
        0.00669032237004068,
        0.006682549825283944,
        0.006672649521897206,
        0.006672809677250836,
        0.006672382197831404,
        0.0066597489201067304,
        0.006655384294862203,
        0.006655309026058452,
        0.006645598709356997,
        0.006641740370800495,
        0.006637626214894708,
        0.006636631795410285,
        0.006631777320832202,
        0.006629140292197758,
        0.006627534813576309,
        0.006627336685222095,
        0.006625433268012953,
        0.006624251298386055,
        0.006623466022310764,
        0.006623173169519352,
        0.006622770230497684,
        0.006622437482302482,
        0.0066223781904444345,
        0.006622353802675358,
        0.006621639123936094,
        0.006621503626684442,
        0.006621446162280818,
        0.006621375207700726,
        0.006621268631468272,
        0.006621293163477687,
        0.006620871646860257,
        0.00662068206633667,
        0.006620652648893357,
        0.006620637898942926,
        0.006620346019360208,
        0.006620307608147131,
        0.006620297340404035,
        0.006619838489418183,
        0.006619790791334038,
        0.006619546478786776,
        0.006619497161147201,
        0.006619266742313096,
        0.006619901520782433,
        0.006619056986727561,
        0.0066187136328520295
    ],
    "val_mse_scaled": [
        0.01203287501163456,
        0.011802533784082362,
        0.011439224621481336,
        0.011225053111910696,
        0.010987220636920241,
        0.010813134614451598,
        0.010700589193003951,
        0.010581581150299677,
        0.010557474988027286,
        0.01052060972667376,
        0.010526100003144493,
        0.010517665477683371,
        0.01047742313204001,
        0.010483815242845463,
        0.0105035848589934,
        0.010489029938805496,
        0.010492028648119472,
        0.010480394597100505,
        0.010485246240023116,
        0.010464198633478618,
        0.01045625375061455,
        0.010448470274441096,
        0.010446095861206435,
        0.010443883952757435,
        0.010442598500506575,
        0.010442477732821651,
        0.01044168042323289,
        0.010438949301344674,
        0.010437438313276922,
        0.010436343158638268,
        0.010438590597503255,
        0.010436919837534904,
        0.010437370792732093,
        0.010437305934513036,
        0.010437470927829394,
        0.010437508361324947,
        0.010437373814146687,
        0.010437474536835308,
        0.0104376235680786,
        0.010437820334032491,
        0.010437838949247692,
        0.010437888232658224,
        0.010437963654120627,
        0.010438015113501897,
        0.010437995948311038,
        0.010438059168996828,
        0.010437941170780285,
        0.01043799292705593,
        0.010438019930168203,
        0.010438037934991151,
        0.010438031141816679,
        0.010438021279906793,
        0.010438020620214905,
        0.010438034232972413,
        0.010438006753963015,
        0.010438030398458512,
        0.010438013455842334,
        0.010438005044215704,
        0.01043788635225447,
        0.010437981260992945,
        0.010437946004730927,
        0.010438012263095464,
        0.01043803165609895,
        0.010438004129674267,
        0.010437982100451762,
        0.010438009671458979,
        0.010437969448789254,
        0.010437995051829027,
        0.010438050875272737,
        0.010438036688579727
    ],
    "train_mse_price": [
        0.002120847231344798,
        0.0003750550158305046,
        0.000315129272162868,
        0.0002713768835390018,
        0.00024656908407110205,
        0.00022837657745532707,
        0.0002197176823996156,
        0.0002146000603250101,
        0.00020879839820326634,
        0.00020640366792536575,
        0.00020527875559239682,
        0.0002049042019594747,
        0.00020319952288015743,
        0.00020320722034377218,
        0.00020385760017957964,
        0.0002031453953326302,
        0.0002030115675876875,
        0.0002026681745601781,
        0.00020247954610213604,
        0.00020263497550536774,
        0.00020213584319328488,
        0.00020178246735511686,
        0.00020193028385535888,
        0.00020128672918512123,
        0.00020119706157332472,
        0.00020110443395069034,
        0.0002008707991733704,
        0.00020057320496495162,
        0.00020057802043831443,
        0.00020056516999994632,
        0.00020018542553392198,
        0.00020005422943435204,
        0.00020005196792012832,
        0.00019976008456313817,
        0.0001996441071494758,
        0.00019952043997656483,
        0.00019949054821545543,
        0.000199344627075804,
        0.00019926536113555067,
        0.00019921710263312367,
        0.00019921114649425667,
        0.0001991539324639335,
        0.00019911840270979325,
        0.00019909479846824338,
        0.00019908599639961114,
        0.0001990738834894387,
        0.00019906388219740012,
        0.00019906209959175705,
        0.000199061366095933,
        0.0001990398842258498,
        0.00019903581087981083,
        0.00019903408306673457,
        0.0001990319500006555,
        0.00019902874696416825,
        0.0001990294834262728,
        0.00019901681517537877,
        0.0001990111155582842,
        0.00019901023181957567,
        0.00019900978840783358,
        0.0001990010142985035,
        0.00019899985973781533,
        0.00019899955115404178,
        0.00019898575768771126,
        0.00019898432500554513,
        0.0001989769805581397,
        0.00019897549836871668,
        0.00019896857150235385,
        0.00019898765338083812,
        0.00019896226775770217,
        0.00019895194571849624
    ],