{
    "epoch": [
        1,
        2,
        3,
        4,
        5,
        6,
        7,
        8,
        9,
        10,
        11,
        12,
        13,
        14,
        15,
        16,
        17,
        18,
        19,
        20,
        21,
        22,
        23,
        24,
        25,
        26,
        27,
        28,
        29,
        30,
        31,
        32,
        33,
        34,
        35,
        36,
        37,
        38,
        39,
        40,
        41,
        42
    ],
    "train_mse_scaled": [
        0.07689240279639974,
        0.02772676773370781,
        0.019238890675482474,
        0.013276816114905636,
        0.011433454846765514,
        0.011661131688723932,
        0.012122159787540325,
        0.012262973241628845,
        0.01239909829515092,
        0.01228065206807554,
        0.01210487021587411,
        0.01189289112298025,
        0.011725136282441546,
        0.011492553479661946,
        0.01130491280184127,
        0.01109088008762657,
        0.010895948455715437,
        0.010737528385263513,
        0.010569126523106372,
        0.01038839195054105,
        0.01022010515352426,
        0.010016044585729992,
        0.009916540873808336,
        0.009737328187782437,
        0.009608179514781164,
        0.009477224923303143,
        0.00934162485540928,
        0.009216873071091739,
        0.009057169643822187,
        0.008997508229947134,
        0.008912194482382561,
        0.00882613923457409,
        0.008689996900208052,
        0.008540819294033717,
        0.00851780778702148,
        0.008390626093761263,
        0.008297608508788454,
        0.008163868348388555,
        0.008081469466332451,
        0.007956627373315366,
        0.007852787611977052,
        0.007765772994534931
    ],
    "val_mse_scaled": [
        0.019394171323639683,
        0.01701851475442424,
        0.017627705555296636,
        0.02216017133826218,
        0.02632239547234261,
        0.02770556190369527,
        0.027568718890802577,
        0.027131082907489834,
        0.025750540797605206,
        0.025059294361790857,
        0.024487561385849843,
        0.024029941933667393,
        0.023268250799841312,
        0.022688944607663408,
        0.022279448406015395,
        0.021819750755409574,
        0.021493556695652415,
        0.021129480954537525,
        0.020821047252291666,
        0.02041721935154465,
        0.020218207809023853,
        0.020117326442582947,
        0.019790988183391405,
        0.01962729332398701,
        0.019360878288922783,
        0.019331401767546146,
        0.01913917249031186,
        0.018914666676278377,
        0.018590099090356874,
        0.018649758535472637,
        0.01867241089753297,
        0.018547430051638506,
        0.0183127588748322,
        0.018812070903964705,
        0.018296741915965944,
        0.0181559463123099,
        0.01795587547093671,
        0.017895804562520053,
        0.01793411168949956,
        0.017670488759412673,
        0.017649643257163367,
        0.017530519021943566
    ],
    "train_mse_price": [
        0.0023113091539431487,
        0.0008334390483787322,
        0.0005783019236004775,
        0.000399087888888225,
        0.0003436782752795838,
        0.00035052201438199617,
        0.00036438005988296087,
        0.00036861277328538076,
        0.00037270455739645496,
        0.00036914417982282765,
        0.00036386035193028063,
        0.00035748847055849575,
        0.0003524459274472029,
        0.000345454721141131,
        0.00033981442653735087,
        0.00033338081811409723,
        0.0003275213668871188,
        0.0003227594181391408,
        0.00031769742441801465,
        0.00031226472421708255,
        0.00030720618848193397,
        0.0003010723322702091,
        0.00029808135015579976,
        0.0002926943952295566,
        0.000288812315053658,
        0.0002848759503732309,
        0.00028079994569614756,
        0.0002770500322209335,
        0.0002722495064955001,
        0.000270456143418799,
        0.0002678916982890913,
        0.000265304962264192,
        0.00026121265976544646,
        0.00025672852764237723,
        0.00025603682625106796,
        0.00025221387115222614,
        0.00024941785533363507,
        0.00024539775991497796,
        0.0002429209303561411,
        0.0002391683013255007,
        0.00023604698115753432,
        0.00023343140850718281
    ],
    "val_mse_price": [
        0.0005829694839602274,
        0.0005115596131470887,
        0.0005298712965205383,
        0.0006661127077223222,
        0.0007912250327675764,
        0.0008328016336985847,
        0.0008286882711437667,
        0.0008155333699467804,
        0.0007740356382305775,
        0.0007532574664855398,
        0.0007360717497987687,
        0.0007223161572089752,
        0.0006994204830855825,
        0.0006820071151617778,
        0.0006696980557564308,
        0.0006558800066486761,
        0.0006460749397829992,
        0.0006351311848416247,
        0.000625859973594514,
        0.0006137213153865371,
        0.0006077392252944605,
        0.0006047068334846991,
        0.000594897425051931,
        0.0005899769217836688,
        0.000581968750735506,
        0.0005810827075400737,
        0.0005753044962057001,
        0.0005685560700365255,
        0.0005587998913629542,
        0.0005605931987243783,
        0.000561274107929051,
        0.0005575173017684987,
        0.0005504633224564009,
        0.0005654721485016306,
        0.0005499818709263614,
        0.0005457496915623266,
        0.0005397357686503718,
        0.0005379300930078535,
        0.0005390815659704322,
        0.000531157314884836,
        0.0005305307252734331,
        0.0005269499673560077
    ],
    "train_mae_price": [
        0.02874519011939941,
        0.018334640043019913,
        0.01608013346074352,
        0.01454661094527893,
        0.014079705812431209,
        0.014306105964024936,
        0.014688466330531011,
        0.014852587749773336,
        0.014988576718379389,
        0.014983469685646542,
        0.014900177745676483,
        0.014778974923636931,
        0.014697668661610689,
        0.014548190902264583,
        0.014410642142739755,
        0.014262849537850087,
        0.014114150211542257,
        0.01400768106337252,
        0.013886183841827798,
        0.013752903493086971,
        0.013622470254102821,
        0.013466331767616982,
        0.013381272327366744,
        0.013239488183366963,
        0.013133793844983949,
        0.013015441690308317,
        0.012889378181015999,
        0.012776987075071002,
        0.012632075414751087,
        0.012585444385299882,
        0.012510602313767981,
        0.01242235657797838,
        0.012296177597203929,
        0.012151741121128788,
        0.012123106220561569,
        0.012004759994617333,
        0.011912432444935664,
        0.011775230052716955,
        0.011692699661205272,
        0.011562968029875494,
        0.011454825306211454,
        0.011360465589711956
    ],