{
    "epoch": [
        1,
        2,
        3,
        4,
        5,
        6,
        7,
        8,
        9,
        10,
        11,
        12,
        13,
        14,
        15,
        16,
        17,
        18,
        19,
        20,
        21,
        22,
        23,
        24,
        25,
        26,
        27,
        28,
        29,
        30,
        31,
        32,
        33,
        34,
        35,
        36,
        37,
        38,
        39,
        40,
        41,
        42,
        43,
        44
    ],
    "train_mse_scaled": [
        0.061556561582218394,
        0.01490110906779497,
        0.010542100319256214,
        0.008641948707100281,
        0.007797668938087824,
        0.007380105770437441,
        0.007162201078995267,
        0.0070466522118122895,
        0.006994988721406777,
        0.006976153774133856,
        0.006977170666798565,
        0.0069765240198023494,
        0.006975521616775213,
        0.006969418132586701,
        0.006959998811530859,
        0.0069428513484584235,
        0.006924398825868592,
        0.0069036397708510605,
        0.006881806765929627,
        0.00687918608310461,
        0.006865717394906599,
        0.006860323536184509,
        0.006850445196378969,
        0.006846371490742106,
        0.006835833695780463,
        0.006823776698995235,
        0.0068130885374901844,
        0.006800488487145368,
        0.0067887338589457825,
        0.006778413767479364,
        0.006767044051787661,
        0.006756853746845296,
        0.006747763543934121,
        0.006739575872313246,
        0.006732304846650852,
        0.006726084194183919,
        0.00671996255794169,
        0.006714465257739614,
        0.006709428877438633,
        0.006704601556979196,
        0.006700323355242338,
        0.006695998784904466,
        0.0066920098991119,
        0.006687128408566646
    ],
    "val_mse_scaled": [
        0.011685127487683885,
        0.011020487908663014,
        0.010760882454138821,
        0.010687531056830263,
        0.010712856959103522,
        0.01083367199149508,
        0.011056873653971311,
        0.011373092842930704,
        0.01177682464821735,
        0.012195377552854486,
        0.012573790792229023,
        0.012966426967298514,
        0.01328839854781899,
        0.013588471289807216,
        0.013858458082041355,
        0.014085584338887663,
        0.01434895680754873,
        0.014546315918697948,
        0.014677853611993417,
        0.014873391129503396,
        0.014919922966919878,
        0.014950717848960376,
        0.01500019159788916,
        0.014973222301859485,
        0.014922633607686996,
        0.014849993853510886,
        0.014737886542634332,
        0.014617830384422742,
        0.014501059810338274,
        0.014384427362452391,
        0.014279609992517652,
        0.014174276433112093,
        0.014070843168890158,
        0.013973742045902371,
        0.013883512047282621,
        0.013800433843769782,
        0.013710315797737507,
        0.013628521711691164,
        0.013545681625811929,
        0.013463990135081197,
        0.013388349954429845,
        0.01331051752524823,
        0.013235705568676742,
        0.013162007998446143
    ],
    "train_mse_price": [
        0.001850329004173992,
        0.0004479125217882008,
        0.00031688505365638314,
        0.0002597683826919591,
        0.00023439017020479588,
        0.000221838637158035,
        0.00021528863971662218,
        0.00021181535611365147,
        0.00021026240311499146,
        0.00020969624209314002,
        0.0002097268096704525,
        0.00020970737167215635,
        0.0002096772399465177,
        0.00020949377607288523,
        0.00020921064088726485,
        0.00020869520555425963,
        0.00020814054038128434,
        0.00020751654402319553,
        0.00020686026580478376,
        0.0002067814897382615,
        0.0002063766344115512,
        0.00020621450142807,
        0.0002059175682316132,
        0.0002057951166974119,
        0.00020547836061002528,
        0.00020511593933320545,
        0.00020479466342224333,
        0.0002044159200333786,
        0.0002040625870841374,
        0.00020375237435926583,
        0.0002034106137835565,
        0.00020310430285822324,
        0.00020283105989452938,
        0.0002025849467454579,
        0.0002023663861697988,
        0.00020217939976344566,
        0.0002019953898606587,
        0.00020183014658647254,
        0.0002016787584384539,
        0.00020153365394550072,
        0.00020140505485996256,
        0.0002012750633752313,
        0.00020115516097294874,
        0.00020100842898741427
    ],
    "val_mse_price": [
        0.00035124330453664216,
        0.000331264900133944,
        0.0003234614160943135,
        0.0003212565437352761,
        0.0003220178156885149,
        0.00032564939727085685,
        0.0003323586129847638,
        0.00034186384869244036,
        0.00035399962870151454,
        0.00036658091932189105,
        0.0003779556432738073,
        0.00038975789673762737,
        0.0003994360422198484,
        0.0004084559315206034,
        0.00041657146505163746,
        0.0004233986507083013,
        0.00043131536972796416,
        0.00043724778973692807,
        0.00044120167998629525,
        0.00044707934260253425,
        0.00044847804596707816,
        0.0004494037055989989,
        0.0004508908406118762,
        0.0004500801689795631,
        0.0004485595218964852,
        0.00044637604730536103,
        0.0004430062066192832,
        0.000439397440290519,
        0.00043588743444434983,
        0.00043238157760174645,
        0.00042923087095257325,
        0.000426064651572931,
        0.0004229555519165628,
        0.0004200367868887199,
        0.00041732456053117557,
        0.00041482731585330005,
        0.0004121184597882965,
        0.0004096598033240601,
        0.00040716971647213464,
        0.00040471414723872493,
        0.0004024404882097816,
        0.00040010091630104363,
        0.00039785214868373684,
        0.00039563686764668523
    ],
    "train_mae_price": [
        0.024665390800116982,
        0.01388209926291881,
        0.012441924660347615,
        0.011616069794000105,
        0.01109112875830994,
        0.010749458700100571,
        0.010534869223266546,
        0.010427081743927995,
        0.010375013826905156,
        0.010356416411061503,
        0.01036323315271289,
        0.010368600677491123,
        0.010378431548659747,
        0.010383822691936632,
        0.0103803561379072,
        0.010379212350365877,
        0.010375596679419986,
        0.010376541727282198,
        0.01036323255599785,
        0.01034731809089559,
        0.01035835258188428,
        0.010356970552586093,
        0.010350299811805828,
        0.010348066052134418,
        0.010335863288676413,
        0.010323032049963068,
        0.010309340116817946,
        0.010292572387722876,
        0.010275810265374621,
        0.010259866521580703,
        0.010242072510277712,
        0.010225369638788378,
        0.010210014088516692,
        0.01019627585683295,
        0.010183821936281829,
        0.010173853296970544,
        0.010163639733120868,
        0.010153810351556708,
        0.010144763969508964,
        0.01013650467574049,
        0.010129759992296646,
        0.010123226625308358,
        0.010118305982340542,
        0.010112294068553879
    ],