{
    "epoch": [
        1,
        2,
        3,
        4,
        5,
        6,
        7,
        8,
        9,
        10,
        11,
        12,
        13,
        14,
        15,
        16,
        17,
        18,
        19,
        20,
        21,
        22,
        23,
        24,
        25,
        26,
        27,
        28,
        29,
        30,
        31,
        32,
        33,
        34,
        35,
        36,
        37,
        38,
        39,
        40,
        41,
        42,
        43,
        44,
        45,
        46,
        47,
        48,
        49,
        50,
        51,
        52,
        53,
        54,
        55,
        56,
        57,
        58,
        59,
        60,
        61,
        62,
        63,
        64,
        65,
        66
    ],
    "train_mse_scaled": [
        0.0017709875882916644,
        0.0027999725539192164,
        0.0024810721529133738,
        0.002824510926814823,
        0.002731032273764765,
        0.002812044857501188,
        0.0023075494115459318,
        0.002691268094939325,
        0.0028645895829198615,
        0.0024176111324080087,
        0.002846674702159402,
        0.0024833681445104484,
        0.002727884581915102,
        0.003627734197795278,
        0.0037274756920221593,
        0.004984166851787801,
        0.004581978206421888,
        0.00351683041094231,
        0.004605272417173546,
        0.0031172872569664146,
        0.003651397221464021,
        0.0038306755612519715,
        0.0037180302410361197,
        0.002670499560871568,
        0.005280496958532676,
        0.005357902893869419,
        0.004210618231464388,
        0.005739263586426498,
        0.005864458141105581,
        0.005421232045880858,
        0.0044781087987718505,
        0.0035072275698068735,
        0.012312340954639128,
        0.0072685198586004635,
        0.005427462396478068,
        0.004603904341729607,
        0.004245390417071029,
        0.003210256472404202,
        0.0038105425441513348,
        0.003941698311917083,
        0.0029617806877234665,
        0.014129513501200156,
        0.09973315014356864,
        0.08228290819239908,
        0.08364060825302898,
        0.08508368908360736,
        0.08589543119141968,
        0.08629863584039962,
        0.08649052538374163,
        0.08658017751135724,
        0.08662170296530528,
        0.08664089310841924,
        0.08664977387042325,
        0.08665387181221822,
        0.08665571473184722,
        0.08665653205870626,
        0.08665699932399087,
        0.08665717967367693,
        0.08665726460068379,
        0.0866573081624925,
        0.08665732024986914,
        0.08665731536325352,
        0.08665732368969592,
        0.08665731148303679,
        0.08665732368969592,
        0.08665731148303679
    ],
    "val_mse_scaled": [
        0.024187850378943238,
        0.023494562617449984,
        0.021768894788251655,
        0.024581442711842757,
        0.024011120812947026,
        0.02140263699434721,
        0.024693638003395378,
        0.01814128275492042,
        0.024771862574155878,
        0.02460113184428699,
        0.02372196557926912,
        0.023743530471094062,
        0.024866549986477852,
        0.01706484506276467,
        0.02245214808664218,
        0.019400725687781832,
        0.01791936391000819,
        0.019527356328775437,
        0.016770914791466043,
        0.017199577013622937,
        0.018873775431235303,
        0.0203564045537749,
        0.020764039917640916,
        0.024458639522923608,
        0.021276905123111,
        0.016651724087992818,
        0.017810509403048683,
        0.01665855789820207,
        0.018891581493445515,
        0.016929558050757274,
        0.018326534911147153,
        0.017415080141060732,
        0.024296545642266527,
        0.016958697779282182,
        0.01706056917369124,
        0.01713111868400985,
        0.017907116709447033,
        0.022050174149960612,
        0.017260760145866954,
        0.017740948863627044,
        0.01682811352517173,
        0.017375674633621566,
        0.07503684506897466,
        0.048442981548113634,
        0.039590949187734086,
        0.036054485368104766,
        0.03452994845192515,
        0.033849594401807875,
        0.03354139768319339,
        0.03340083455680224,
        0.033336461521597464,
        0.03330692860907286,
        0.033293413755368914,
        0.033287317704210194,
        0.033284455608364044,
        0.03328313615658048,
        0.033282616061049076,
        0.03328237419699723,
        0.033282225640527116,
        0.03328220730458796,
        0.033282225640527116,
        0.033282225640527116,
        0.03328224414547889,
        0.033282225640527116,
        0.03328224414547889,
        0.033282225640527116
    ],
    "train_mse_price": [
        4.511558625576861,
        7.132879143070402,
        6.320486418283357,
        7.195389750977012,
        6.957255344290455,
        7.163633143587209,
        5.8784398972033065,
        6.855956355910844,
        7.2974895882055675,
        6.158820207780084,
        7.2518519917451325,
        6.326334652537098,
        6.9492366141528645,
        9.241586035166197,
        9.495676620892795,
        12.697075339004439,
        11.672506613686723,
        8.95906100935175,
        11.7318473140567,
        7.94123236619147,
        9.301867745646502,
        9.758575550822938,
        9.471614792498402,
        6.803049165151027,
        13.45197070485061,
        13.649160574953113,
        10.726473455794826,
        14.620669441645404,
        14.93960077998302,
        13.8104898644615,
        11.407900477842905,
        8.934597815231333,
        31.3654658354797,
        18.51642273648326,
        13.826362127064511,
        11.728362753991554,
        10.815054446307903,
        8.178069799668684,
        9.70728722144855,
        10.041404978447067,
        7.545082602222305,
        35.9946806779788,
        254.06839121774,
        209.614219759224,
        213.07293588419975,
        216.74915766533513,
        218.8170575177628,
        219.84421150933596,
        220.33305082919006,
        220.56143556727832,
        220.66722161558695,
        220.71610794800847,
        220.73873292539508,
        220.74917013678072,
        220.75386545562478,
        220.75594760394364,
        220.7571420047651,
        220.7575959656467,
        220.75781423829415,
        220.75792525704344,
        220.75795764803115,
        220.75794445552577,
        220.75796517334481,
        220.75793490312395,
        220.75796517334481,
        220.75793490312395
    ],