{
    "epoch": [
        1,
        2,
        3,
        4,
        5,
        6,
        7,
        8,
        9,
        10,
        11,
        12,
        13,
        14,
        15,
        16,
        17,
        18,
        19,
        20,
        21,
        22,
        23,
        24,
        25,
        26,
        27,
        28,
        29,
        30,
        31,
        32,
        33,
        34,
        35,
        36,
        37,
        38,
        39,
        40,
        41,
        42,
        43,
        44,
        45,
        46,
        47,
        48,
        49,
        50,
        51,
        52,
        53,
        54,
        55,
        56,
        57,
        58,
        59,
        60,
        61,
        62,
        63,
        64,
        65,
        66,
        67,
        68,
        69,
        70,
        71,
        72,
        73
    ],
    "train_mse_scaled": [
        0.0013398155570030212,
        0.0011009369045495987,
        0.001076091662980616,
        0.0010481486096978188,
        0.0010133304167538881,
        0.0009703561081551015,
        0.0009093364933505654,
        0.000841317989397794,
        0.0007536839693784714,
        0.0006490347441285849,
        0.0005471495678648353,
        0.00044002660433761775,
        0.0003512133553158492,
        0.00027187116211280227,
        0.00021611129341181368,
        0.00018044938042294234,
        0.0001529063010821119,
        0.00012763269478455186,
        0.00010846686200238764,
        9.04442131286487e-05,
        7.501576328650117e-05,
        6.9899731897749e-05,
        6.235545879462734e-05,
        5.460271131596528e-05,
        4.8721645725890994e-05,
        4.1436975152464584e-05,
        3.786565866903402e-05,
        3.4213808248750865e-05,
        3.348763129906729e-05,
        3.2382664358010516e-05,
        2.909909380832687e-05,
        2.7868351025972515e-05,
        2.6490119125810452e-05,
        2.5596242267056368e-05,
        2.4034836314967833e-05,
        2.4665476303198375e-05,
        2.2963296942180023e-05,
        2.1158972231205553e-05,
        2.472736559866462e-05,
        2.074102667393163e-05,
        2.1153447960386984e-05,
        2.1025112800998613e-05,
        1.8360269677941687e-05,
        1.9577764760470018e-05,
        1.9592338503571227e-05,
        1.7654174371273257e-05,
        1.6749583664932288e-05,
        1.964375223906245e-05,
        1.586439975653775e-05,
        2.0015637346659787e-05,
        1.5054363757371902e-05,
        1.457690177630866e-05,
        1.2336747204244602e-05,
        1.582537151989527e-05,
        1.1715059372363612e-05,
        1.4292332707555033e-05,
        1.4384731912286952e-05,
        1.3005811524635646e-05,
        1.230197540280642e-05,
        1.2779721146216616e-05,
        1.2180103112768847e-05,
        1.2245764992258046e-05,
        1.007151968224207e-05,
        1.0061995453725103e-05,
        1.221543880092213e-05,
        1.0604959243210033e-05,
        1.0126842425961513e-05,
        9.800520274438895e-06,
        9.127466000791173e-06,
        9.964755918190349e-06,
        8.65738093125401e-06,
        8.210091436922085e-06,
        9.447197953704745e-06
    ],
    "val_mse_scaled": [
        5.8953311963705346e-05,
        5.829667134094052e-05,
        5.593915193458088e-05,
        5.4043688578531146e-05,
        5.015299757360481e-05,
        4.5367116399575025e-05,
        3.992918209405616e-05,
        3.3026452001649886e-05,
        2.489982762199361e-05,
        1.649865589570254e-05,
        7.993952749529853e-06,
        1.917664803841035e-06,
        8.313069201904e-07,
        1.592772832736955e-06,
        2.53105736192083e-06,
        2.037141257460462e-06,
        2.103138513120939e-06,
        1.4160528962747776e-06,
        8.944613796302292e-07,
        1.8805520767273265e-06,
        8.721162316760456e-07,
        1.1090622820120188e-06,
        1.357316023131716e-06,
        8.692368282936513e-07,
        1.0552195135460352e-06,
        1.2345224149612477e-06,
        1.3007053212277242e-06,
        3.8440825846919324e-06,
        8.757549949223176e-06,
        2.300176447533886e-06,
        2.462750671838876e-06,
        3.1121544452616945e-06,
        4.07794323109556e-06,
        3.7512236303882673e-06,
        3.0245173547882587e-06,
        2.6831587547349045e-06,
        2.7051819415646605e-06,
        2.528242248445167e-06,
        3.7345960208767792e-06,
        3.842935257125646e-06,
        2.940737431345042e-06,
        3.0067635634623002e-06,
        4.010996690340107e-06,
        3.1640531688026385e-06,
        7.220779480121564e-06,
        3.173678578605177e-06,
        2.8691736133623635e-06,
        3.027985940207145e-06,
        3.4509757824707776e-06,
        2.9896375508542405e-06,
        2.4370795017603086e-06,
        3.031141659448622e-06,
        1.3686701549886493e-06,
        2.1228959212749032e-06,
        3.3650201203272445e-06,
        2.6548264031589497e-06,
        2.456830316077685e-06,
        2.420287955828826e-06,
        3.1689814932178706e-06,
        1.9889318991772598e-06,
        1.491643729423231e-06,
        2.114321205226588e-06,
        2.541718913562363e-06,
        3.6143267152510816e-06,
        2.5901356366375694e-06,
        1.181918264592241e-06,
        1.2795441080015735e-06,
        1.7455723764214781e-06,
        2.4995740659505827e-06,
        1.9652948139992077e-06,
        2.8697115794784622e-06,
        1.6593203326920047e-06,
        1.2310222246014746e-06
    ],
    "train_mse_price": [
        3994203.5,
        3282068.25,
        3208000.5,
        3124697.75,
        3020898.75,
        2892786.0,
        2710876.75,
        2508102.75,
        2246851.75,
        1934875.75,
        1631140.0,
        1311789.25,
        1047022.875,
        810491.3125,
        644262.25,
        537948.5625,
        455838.0625,
        380493.375,
        323357.0,
        269628.65625,
        223633.96875,
        208382.328125,
        185891.609375,
        162779.421875,
        145247.0,
        123530.28125,
        112883.6015625,
        101996.8125,
        99831.984375,
        96537.921875,
        86749.0546875,
        83080.015625,
        78971.296875,
        76306.5,
        71651.703125,
        73531.7265625,
        68457.2421875,
        63078.28125,
        73716.2421875,
        61832.30859375,
        63061.83203125,
        62679.2265625,
        54734.8984375,
        58364.453125,
        58407.90234375,
        52629.93359375,
        49933.1953125,
        58561.1640625,
        47294.3125,
        59669.8046875,
        44879.484375,
        43456.08984375,
        36777.81640625,
        47177.96875,
        34924.4609375,
        42607.72265625,
        42883.1875,
        38772.4140625,
        36674.15234375,
        38098.39453125,
        36310.83203125,
        36506.57421875,
        30024.798828125,
        29996.416015625,
        36416.171875,
        31615.0859375,
        30189.740234375,
        29216.9140625,
        27210.4296875,
        29706.5234375,
        25809.037109375,
        24475.591796875,
        28163.611328125
    ],