{
    "epoch": [
        1,
        2,
        3,
        4,
        5,
        6,
        7,
        8,
        9,
        10,
        11,
        12,
        13,
        14,
        15,
        16,
        17,
        18,
        19,
        20,
        21,
        22,
        23,
        24,
        25,
        26,
        27,
        28,
        29,
        30,
        31,
        32,
        33,
        34,
        35,
        36,
        37,
        38,
        39,
        40,
        41,
        42,
        43,
        44,
        45,
        46,
        47,
        48,
        49,
        50,
        51,
        52,
        53,
        54,
        55,
        56,
        57,
        58,
        59,
        60,
        61,
        62,
        63,
        64,
        65,
        66,
        67
    ],
    "train_mse_scaled": [
        0.002325106645002961,
        0.0005990513018332422,
        0.0003976919106207788,
        0.00019428599625825882,
        8.221578173106536e-05,
        3.873933746945113e-05,
        3.276643474237062e-05,
        2.7449490517028607e-05,
        2.796896114887204e-05,
        2.7934258469031192e-05,
        2.4629591280245222e-05,
        2.569342359493021e-05,
        2.0930667233187705e-05,
        2.087573921016883e-05,
        1.5266256014001556e-05,
        2.4388169549638405e-05,
        2.1001100321882404e-05,
        1.7156891772174276e-05,
        1.95687789528165e-05,
        1.8496057236916386e-05,
        1.8163706045015715e-05,
        2.040318213403225e-05,
        1.6823882106109522e-05,
        1.5535544662270695e-05,
        1.541757046652492e-05,
        1.6096708350232802e-05,
        1.2263206372153945e-05,
        1.2107669135730248e-05,
        9.85678252618527e-06,
        1.0989479051204398e-05,
        1.1729352991096675e-05,
        1.0541276424191892e-05,
        1.0935789759969339e-05,
        1.023522054310888e-05,
        1.0692161595216021e-05,
        9.853977644525003e-06,
        8.669224371260498e-06,
        7.822250154276844e-06,
        1.0378427759860642e-05,
        9.508788934908807e-06,
        9.903337740979623e-06,
        1.003615943773184e-05,
        8.266861186712049e-06,
        9.783197128854226e-06,
        8.574307685194071e-06,
        7.661202289455105e-06,
        9.698842404759489e-06,
        8.182465535355732e-06,
        7.728586751909461e-06,
        8.515045919921249e-06,
        1.0456781637913082e-05,
        8.030153367144521e-06,
        7.461423592758365e-06,
        9.038565622176975e-06,
        9.09722348296782e-06,
        9.78718981059501e-06,
        8.559105481253937e-06,
        6.4293631112377625e-06,
        8.717134733160492e-06,
        9.164193215838168e-06,
        7.075298981362721e-06,
        7.28657869331073e-06,
        9.334141395811457e-06,
        8.533925210940652e-06,
        8.90630417416105e-06,
        6.313927315204637e-06,
        1.0323415153834503e-05
    ],
    "val_mse_scaled": [
        3.657962224679068e-05,
        2.7390879040467553e-05,
        1.5688128769397736e-05,
        6.547563316416927e-06,
        2.8816259600716876e-06,
        1.951576678038691e-06,
        1.8425489543005824e-06,
        3.156779712298885e-06,
        2.31198760047846e-06,
        5.015826900489628e-05,
        1.222078481077915e-05,
        6.218636372068431e-06,
        4.211176019452978e-06,
        5.119113666296471e-06,
        2.774874928945792e-06,
        1.1604394785535987e-05,
        3.725650913111167e-06,
        3.753023520403076e-06,
        1.1322696991555858e-05,
        4.9202590162167326e-06,
        4.011273176729446e-06,
        4.162752247793833e-06,
        4.482971689867554e-06,
        4.338262897363165e-06,
        5.28974896951695e-06,
        3.739106205102871e-06,
        1.0272697181790136e-05,
        2.7991939077764982e-06,
        5.532435352506582e-06,
        4.2492843022046145e-06,
        4.348913080320926e-06,
        4.718364834843669e-06,
        4.773356977239018e-06,
        2.7635530841507716e-06,
        4.496715519053396e-06,
        4.406283551361412e-06,
        2.180142928409623e-06,
        3.867543910018867e-06,
        4.698551038018195e-06,
        5.662326202582335e-06,
        1.1813266610261053e-05,
        3.963519247918157e-06,
        4.513110070547555e-06,
        2.927491550508421e-06,
        4.117819116800092e-06,
        3.949625352106523e-06,
        4.182727479928872e-06,
        2.2401086425816175e-06,
        4.893105597147951e-06,
        4.3249128793831915e-06,
        3.6929700399923604e-06,
        2.402001427981304e-06,
        2.1717291929235216e-06,
        2.627926960485638e-06,
        3.753628789127106e-06,
        2.319570057807141e-06,
        2.2246995285968296e-06,
        3.0672574666823493e-06,
        2.4430116809526226e-06,
        7.720826943113934e-06,
        3.3422772958147107e-06,
        2.7968169433734147e-06,
        2.7495098038343713e-06,
        2.7818227863463107e-06,
        2.850814553312375e-06,
        3.030521611435688e-06,
        2.0731201857415726e-06
    ],
    "train_mse_price": [
        6931512.0,
        1785867.375,
        1185583.0,
        579197.5,
        245098.375,
        115488.1640625,
        97681.9921875,
        81831.328125,
        83379.9375,
        83276.4765625,
        73424.7421875,
        76596.1953125,
        62397.67578125,
        62233.8984375,
        45511.16015625,
        72705.0625,
        62607.640625,
        51147.43359375,
        58337.66015625,
        55139.6875,
        54148.91015625,
        60825.14453125,
        50154.703125,
        46313.9453125,
        45962.23828125,
        47986.87109375,
        36558.578125,
        36094.89453125,
        29384.64453125,
        32761.3828125,
        34967.07421875,
        31425.21875,
        32601.337890625,
        30512.82421875,
        31875.03125,
        29376.27734375,
        25844.341796875,
        23319.36328125,
        30939.751953125,
        28347.208984375,
        29523.4296875,
        29919.392578125,
        24644.822265625,
        29165.271484375,
        25561.375,
        22839.255859375,
        28913.79296875,
        24393.232421875,
        23040.1484375,
        25384.71875,
        31173.3359375,
        23939.154296875,
        22243.685546875,
        26945.408203125,
        27120.263671875,
        29177.171875,
        25516.048828125,
        19166.955078125,
        25987.162109375,
        27319.900390625,
        21092.59375,
        21722.451171875,
        27826.5546875,
        25440.982421875,
        26551.095703125,
        18822.822265625,
        30775.748046875
    ],