{
    "epoch": [
        1,
        2,
        3,
        4,
        5,
        6,
        7,
        8,
        9,
        10,
        11,
        12,
        13,
        14,
        15,
        16,
        17,
        18,
        19,
        20,
        21,
        22,
        23,
        24,
        25,
        26,
        27,
        28,
        29,
        30,
        31,
        32,
        33,
        34,
        35,
        36,
        37,
        38,
        39,
        40,
        41,
        42,
        43,
        44,
        45
    ],
    "train_mse_scaled": [
        0.042894162309123456,
        0.016036374971267017,
        0.015950225612875395,
        0.01569437885726778,
        0.014942422252517348,
        0.014214682671655947,
        0.013703199674535772,
        0.013383038607514004,
        0.013189516134327728,
        0.013075637735374825,
        0.013014695751430527,
        0.012985806158064321,
        0.012973753169316019,
        0.012967786929459926,
        0.012961080819399456,
        0.012953145111439607,
        0.012940373593921816,
        0.012924289331569796,
        0.012902989861894976,
        0.012884145318757863,
        0.012861697149635427,
        0.012845932633966141,
        0.012828768593425586,
        0.012821006303200959,
        0.012814837041806698,
        0.012813010205287852,
        0.012815392684812544,
        0.012819618548151833,
        0.012825031507691409,
        0.012826496834513017,
        0.012826564887259546,
        0.012824095918834232,
        0.012816589669034517,
        0.012806858535640895,
        0.012791961308090603,
        0.01277364732857938,
        0.012751959146377377,
        0.012727449633827168,
        0.012698081596122426,
        0.012669147336797252,
        0.012634258241707072,
        0.012602398712634216,
        0.01257036340175369,
        0.012540530955787547,
        0.01250670508742592
    ],
    "val_mse_scaled": [
        0.019735726113671383,
        0.018463295560253848,
        0.016795464260753352,
        0.015028865147082243,
        0.014383623420330994,
        0.014742471426549523,
        0.015409745526673428,
        0.016011775057531617,
        0.016426176827285286,
        0.01666744112843879,
        0.01677604714541449,
        0.01680479940230912,
        0.01678990583292407,
        0.01675131739833747,
        0.01671058261829855,
        0.01668506132049375,
        0.01666729315690109,
        0.016665295390677598,
        0.016699828720981295,
        0.01675761038455174,
        0.016867540060922274,
        0.01698430430464307,
        0.017167189868907886,
        0.01729831597442801,
        0.01742309167654336,
        0.01759009594330471,
        0.017651424922320712,
        0.017698936518923365,
        0.01770639134550382,
        0.017655551015102387,
        0.017572758496933207,
        0.017455197186018852,
        0.017323434885844664,
        0.017173184303401694,
        0.017035023012276256,
        0.016885891728657627,
        0.016765858946320267,
        0.01664718250982589,
        0.016570245229649443,
        0.01651118390123557,
        0.016486488567585555,
        0.016486533427895758,
        0.016499900841037557,
        0.016527032136043403,
        0.016545944836692045
    ],
    "train_mse_price": [
        0.0013686686182641337,
        0.0005116892892397096,
        0.0005089404308404419,
        0.0005007768624254905,
        0.0004767833999355531,
        0.000453562654338702,
        0.00043724223563319515,
        0.0004270265253134894,
        0.0004208516030266496,
        0.00041721796841631003,
        0.0004152734301141749,
        0.0004143516197195372,
        0.00041396703116320814,
        0.0004137766599879549,
        0.00041356268214134777,
        0.0004133094690621531,
        0.0004129019527163583,
        0.00041238873736408225,
        0.0004117091119093582,
        0.00041110781984563,
        0.00041039154363846467,
        0.00040988852863752586,
        0.00040934085560335396,
        0.00040909317817813253,
        0.0004088963261467127,
        0.00040883803805611096,
        0.00040891405723623053,
        0.00040904889692785335,
        0.00040922161360612986,
        0.0004092683707666375,
        0.0004092705385786125,
        0.0004091917596422965,
        0.0004089522501809828,
        0.0004086417492763502,
        0.00040816640670685494,
        0.00040758204458757845,
        0.00040689001566588165,
        0.00040610796788082205,
        0.00040517089011835137,
        0.0004042476555790454,
        0.0004031344099997568,
        0.0004021178356043423,
        0.0004010956535048351,
        0.0004001437580723667,
        0.00039906443858345663
    ],
    "val_mse_price": [
        0.0006297283778127841,
        0.0005891276044497956,
        0.0005359103787939125,
        0.00047954166182072723,
        0.00045895327089088406,
        0.00047040340186883117,
        0.0004916948060649787,
        0.0005109043894908696,
        0.0005241271416011247,
        0.0005318254059700239,
        0.0005352908143887666,
        0.00053620824656263,
        0.0005357330210387915,
        0.0005345017402095363,
        0.0005332019663081116,
        0.000532387641255458,
        0.0005318206917240859,
        0.0005317569430763935,
        0.0005328588377331838,
        0.0005347025356809609,
        0.00053821017711903,
        0.0005419358996204796,
        0.0005477714132473051,
        0.0005519553943890808,
        0.0005559367472484302,
        0.0005612655218388613,
        0.0005632224069242067,
        0.0005647384083480512,
        0.0005649762872015177,
        0.0005633540544504322,
        0.0005607123156401283,
        0.0005569611606244633,
        0.0005527568793253534,
        0.0005479626847714542,
        0.0005435542304693925,
        0.0005387957436920732,
        0.0005349657231041543,
        0.0005311789965675625,
        0.0005287240849868748,
        0.0005268395509908663,
        0.0005260515695411355,
        0.0005260529961266947,
        0.0005264795293011556,
        0.000527345242420829,
        0.0005279487019758825
    ],
    "train_mae_price": [
        0.02289798470781783,
        0.01622672550821685,
        0.01624071786346931,
        0.01616144677718986,
        0.01583260187806802,
        0.015457672364216218,
        0.01520937529889992,
        0.015039178610534928,
        0.014936214331992603,
        0.014878969103594427,
        0.014844520703639418,
        0.014830757258130869,
        0.014830188974171014,
        0.014833353391412054,
        0.01483265489982439,
        0.014830450453048906,
        0.014825320065508147,
        0.014815926222695498,
        0.014808293594802499,
        0.014799109603469708,
        0.014792297933170625,
        0.014787358991526944,
        0.01478247966629085,
        0.01478199365453508,
        0.014783855317592924,
        0.014787910011769073,
        0.014795846386754793,
        0.014807990545642843,
        0.014820520485472312,
        0.014830878075020124,
        0.014841491320948507,
        0.014847769678605129,
        0.014849246529929297,
        0.014849203286071413,
        0.014845798566966073,
        0.014837798197180882,
        0.014828179853777587,
        0.014812615376110281,
        0.014793524261230996,
        0.01477366999343528,
        0.014749449266235856,
        0.014726784000320197,
        0.014702985306873433,
        0.014684896379851809,
        0.014664852062522002
    ],