{
    "epoch": [
        1,
        2,
        3,
        4,
        5,
        6,
        7,
        8,
        9,
        10,
        11,
        12,
        13,
        14,
        15,
        16,
        17,
        18,
        19,
        20,
        21,
        22,
        23,
        24,
        25,
        26,
        27,
        28,
        29,
        30,
        31,
        32,
        33,
        34,
        35,
        36,
        37,
        38,
        39,
        40,
        41,
        42,
        43,
        44,
        45,
        46,
        47,
        48,
        49,
        50,
        51,
        52,
        53,
        54,
        55,
        56,
        57,
        58,
        59
    ],
    "train_mse_scaled": [
        0.0012604647781699896,
        0.0008992364746518433,
        0.0008737911120988429,
        0.0008396661723963916,
        0.0008100372506305575,
        0.000772784580476582,
        0.0007164189592003822,
        0.000648250977974385,
        0.0005853620241396129,
        0.0005238173180259764,
        0.00045075779780745506,
        0.0003782726707868278,
        0.0003139273903798312,
        0.0002701910852920264,
        0.00022724254813510925,
        0.0001906239485833794,
        0.00015989299572538584,
        0.0001348396617686376,
        0.000116354574856814,
        0.0001024499288178049,
        9.126246732193977e-05,
        8.043494744924828e-05,
        6.96162533131428e-05,
        6.363861029967666e-05,
        6.019245120114647e-05,
        5.165324910194613e-05,
        4.854639701079577e-05,
        4.3208972783759236e-05,
        4.2089970520464703e-05,
        3.997340900241397e-05,
        3.362301868037321e-05,
        3.5393171856412664e-05,
        3.4635024348972365e-05,
        3.373374056536704e-05,
        3.2087191357277334e-05,
        2.9074502890580334e-05,
        3.54484909621533e-05,
        2.541382309573237e-05,
        2.6807163521880284e-05,
        2.3756765585858375e-05,
        3.007372833963018e-05,
        2.77280923910439e-05,
        2.8041997211403213e-05,
        2.16988155443687e-05,
        2.3085282009560615e-05,
        2.1685147657990456e-05,
        2.152867818949744e-05,
        2.173390021198429e-05,
        2.145136568287853e-05,
        2.0408930140547454e-05,
        2.1260857465676963e-05,
        1.975383383978624e-05,
        1.7040287275449373e-05,
        1.7646438209339976e-05,
        1.8900724171544425e-05,
        1.6834446796565317e-05,
        1.5710556908743456e-05,
        1.5525110939051956e-05,
        1.701738619885873e-05
    ],
    "val_mse_scaled": [
        0.0005176119739189744,
        0.00046947039663791656,
        0.0004338462313171476,
        0.0004208497703075409,
        0.00040817863191477954,
        0.0003942915063817054,
        0.00035923317773267627,
        0.00033113238168880343,
        0.0003026042249985039,
        0.0002769044367596507,
        0.00023360928753390908,
        0.00019529419660102576,
        0.00043369625927880406,
        0.0001375587162328884,
        0.00011031807662220672,
        8.891452307580039e-05,
        6.749728345312178e-05,
        4.650667688110843e-05,
        3.537302109180018e-05,
        4.48953578597866e-05,
        2.1200408809818327e-05,
        1.4372432815434877e-05,
        1.9008561139344238e-05,
        1.3473001672537066e-05,
        1.190999955724692e-05,
        1.004359273792943e-05,
        1.025546316668624e-05,
        1.4824213394604158e-05,
        8.99454880709527e-06,
        1.3155526175978594e-05,
        1.2690547009697184e-05,
        2.213265725004021e-05,
        1.6762456652941182e-05,
        1.0729020686994772e-05,
        1.005054400593508e-05,
        1.0404839486000128e-05,
        1.2127686204621568e-05,
        1.528491520730313e-05,
        1.1286821973044425e-05,
        2.4244951418950222e-05,
        1.42223952934728e-05,
        1.3548040442401543e-05,
        1.223204981215531e-05,
        1.2579094800457824e-05,
        1.423724097548984e-05,
        1.3991118066769559e-05,
        9.728501026984304e-06,
        1.7638967619859613e-05,
        4.9469144869362935e-05,
        1.2230401807755698e-05,
        1.3111440239299554e-05,
        2.0285368009353988e-05,
        1.1311418347759172e-05,
        2.7202931960346177e-05,
        1.5014680684544146e-05,
        1.530530244053807e-05,
        1.5103213627298828e-05,
        6.474591646110639e-05,
        3.3146639907499775e-05
    ],
    "train_mse_price": [
        63597.203125,
        45371.3046875,
        44087.4453125,
        42365.66015625,
        40870.7265625,
        38991.125,
        36147.171875,
        32707.7421875,
        29534.658203125,
        26429.390625,
        22743.146484375,
        19085.884765625,
        15839.3212890625,
        13632.587890625,
        11465.60546875,
        9618.0009765625,
        8067.46142578125,
        6803.384765625,
        5870.712890625,
        5169.14892578125,
        4604.68017578125,
        4058.374755859375,
        3512.513916015625,
        3210.9091796875,
        3037.031982421875,
        2606.183349609375,
        2449.42626953125,
        2180.125,
        2123.6650390625,
        2016.8731689453125,
        1696.4617919921875,
        1785.775390625,
        1747.5228271484375,
        1702.048583984375,
        1618.970947265625,
        1466.9647216796875,
        1788.566650390625,
        1282.2640380859375,
        1352.5654296875,
        1198.65625,
        1517.3812255859375,
        1399.0308837890625,
        1414.869140625,
        1094.8216552734375,
        1164.7764892578125,
        1094.1319580078125,
        1086.237548828125,
        1096.5921630859375,
        1082.3367919921875,
        1029.7401123046875,
        1072.724609375,
        996.6868896484375,
        859.7741088867188,
        890.357421875,
        953.6430053710938,
        849.38818359375,
        792.6819458007812,
        783.3252563476562,
        858.6185913085938
    ],
    "val_mse_price": [
        26116.296875,
        23687.298828125,
        21889.86328125,
        21234.126953125,
        20594.796875,
        19894.123046875,
        18125.236328125,
        16707.40234375,
        15268.0068359375,
        13971.3115234375,
        11786.8408203125,
        9853.638671875,
        21882.302734375,
        6940.57373046875,
        5566.1376953125,
        4486.21533203125,
        3405.59912109375,
        2346.51123046875,
        1784.75830078125,
        2265.2109375,
        1069.6744384765625,
        725.1660766601562,
        959.083740234375,
        679.7850952148438,
        600.9232788085938,
        506.75299072265625,
        517.443115234375,
        747.9609985351562,
        453.82305908203125,
        663.7667846679688,
        640.3059692382812,
        1116.7109375,
        845.7556762695312,
        541.336669921875,
        507.1039123535156,
        524.9800415039062,
        611.90673828125,
        771.2058715820312,
        569.4805908203125,
        1223.2877197265625,
        717.5960083007812,
        683.5712280273438,
        617.1724853515625,
        634.6826171875,
        718.3450317382812,
        705.9267578125,
        490.85516357421875,
        889.9805297851562,
        2495.983642578125,
        617.0891723632812,
        661.5424194335938,
        1023.5054931640625,
        570.7216796875,
        1372.5335693359375,
        757.5711059570312,
        772.2344360351562,
        762.0381469726562,
        3266.77880859375,
        1672.425537109375
    ],