{
    "epoch": [
        1,
        2,
        3,
        4,
        5,
        6,
        7,
        8,
        9,
        10,
        11,
        12,
        13,
        14,
        15,
        16,
        17,
        18,
        19,
        20,
        21,
        22,
        23,
        24,
        25,
        26,
        27,
        28,
        29,
        30,
        31,
        32,
        33,
        34,
        35,
        36,
        37,
        38,
        39,
        40,
        41,
        42,
        43,
        44,
        45,
        46,
        47,
        48,
        49,
        50,
        51,
        52,
        53,
        54,
        55,
        56,
        57,
        58,
        59,
        60,
        61,
        62,
        63,
        64,
        65,
        66,
        67,
        68,
        69,
        70,
        71,
        72,
        73,
        74,
        75,
        76
    ],
    "train_mse_scaled": [
        0.17701919376850128,
        0.17292214930057526,
        0.16884030401706696,
        0.16470517218112946,
        0.16061612963676453,
        0.15648159384727478,
        0.15297062695026398,
        0.14944517612457275,
        0.1460249274969101,
        0.14275647699832916,
        0.13936828076839447,
        0.13571226596832275,
        0.13231946527957916,
        0.128687784075737,
        0.12478141486644745,
        0.12118618935346603,
        0.11736112087965012,
        0.11334110796451569,
        0.109245166182518,
        0.10550159960985184,
        0.10180478543043137,
        0.0982012078166008,
        0.09546156972646713,
        0.09237325936555862,
        0.09001991897821426,
        0.08825254440307617,
        0.08591531962156296,
        0.08448254317045212,
        0.08339601010084152,
        0.08194206655025482,
        0.08093414455652237,
        0.0803096741437912,
        0.07907981425523758,
        0.07789326459169388,
        0.0772014632821083,
        0.07672028988599777,
        0.07610806077718735,
        0.07523740828037262,
        0.0746377632021904,
        0.07404864579439163,
        0.07349012792110443,
        0.07298514991998672,
        0.0723751112818718,
        0.07216347008943558,
        0.07157470285892487,
        0.07109507918357849,
        0.070676788687706,
        0.07021648436784744,
        0.06987197697162628,
        0.06944697350263596,
        0.06919169425964355,
        0.06913966685533524,
        0.06868152320384979,
        0.06860605627298355,
        0.06771888583898544,
        0.06726029515266418,
        0.0669102668762207,
        0.06664517521858215,
        0.0661412701010704,
        0.06609565764665604,
        0.06572727859020233,
        0.06508490443229675,
        0.06471987813711166,
        0.06444888561964035,
        0.06434886157512665,
        0.06373482197523117,
        0.06347088515758514,
        0.06321579962968826,
        0.06301897019147873,
        0.0625602975487709,
        0.06236211583018303,
        0.06176697835326195,
        0.061497949063777924,
        0.06135069206357002,
        0.06088312715291977,
        0.06060635671019554
    ],
    "val_mse_scaled": [
        0.14462921023368835,
        0.13584092259407043,
        0.12762370705604553,
        0.11673033982515335,
        0.10761720687150955,
        0.10107316076755524,
        0.0918426513671875,
        0.08466757088899612,
        0.07745024561882019,
        0.07076754420995712,
        0.06366077065467834,
        0.05799948796629906,
        0.052502334117889404,
        0.0476408451795578,
        0.044381700456142426,
        0.042566172778606415,
        0.04270748049020767,
        0.044966332614421844,
        0.04951047897338867,
        0.05566314607858658,
        0.06626732647418976,
        0.07374803721904755,
        0.085689477622509,
        0.09165147691965103,
        0.0986463725566864,
        0.11828747391700745,
        0.12188231199979782,
        0.13220031559467316,
        0.14998286962509155,
        0.14737150073051453,
        0.15184971690177917,
        0.1761188507080078,
        0.18521690368652344,
        0.18071502447128296,
        0.1798495352268219,
        0.19243857264518738,
        0.18509522080421448,
        0.18786390125751495,
        0.1918337643146515,
        0.19357481598854065,
        0.19648276269435883,
        0.2013220489025116,
        0.201360821723938,
        0.21072673797607422,
        0.2090320587158203,
        0.20369422435760498,
        0.2052621841430664,
        0.2101384699344635,
        0.20431102812290192,
        0.20925647020339966,
        0.21566560864448547,
        0.199756920337677,
        0.21636807918548584,
        0.19916564226150513,
        0.20508231222629547,
        0.20059967041015625,
        0.19782346487045288,
        0.20798242092132568,
        0.1977693736553192,
        0.20764975249767303,
        0.19372761249542236,
        0.19361147284507751,
        0.19388757646083832,
        0.19092418253421783,
        0.19748201966285706,
        0.19052377343177795,
        0.18898190557956696,
        0.1904776245355606,
        0.18302103877067566,
        0.18051141500473022,
        0.19078244268894196,
        0.18301628530025482,
        0.179526224732399,
        0.17778800427913666,
        0.17345023155212402,
        0.1694822907447815
    ],
    "train_mse_price": [
        0.001902336603961885,
        0.0018583080964162946,
        0.00181444245390594,
        0.001770004048012197,
        0.0017260611057281494,
        0.001681629684753716,
        0.0016438988968729973,
        0.0016060126945376396,
        0.0015692568849772215,
        0.001534132519736886,
        0.001497721066698432,
        0.001458431943319738,
        0.0014219710137695074,
        0.0013829432427883148,
        0.0013409636449068785,
        0.0013023271458223462,
        0.0012612213613465428,
        0.0012180203339084983,
        0.001174003235064447,
        0.001133772893808782,
        0.001094045233912766,
        0.0010553193278610706,
        0.0010258780093863606,
        0.0009926891652867198,
        0.0009673991007730365,
        0.0009484062902629375,
        0.0009232889278791845,
        0.0009078916045837104,
        0.000896215089596808,
        0.0008805904653854668,
        0.0008697587763890624,
        0.0008630479569546878,
        0.0008498313836753368,
        0.0008370798896066844,
        0.0008296456071548164,
        0.0008244745549745858,
        0.0008178952848538756,
        0.000808538927230984,
        0.000802094757091254,
        0.000795763626229018,
        0.0007897617178969085,
        0.0007843349012546241,
        0.000777779147028923,
        0.0007755047990940511,
        0.0007691776263527572,
        0.0007640235126018524,
        0.0007595281349495053,
        0.0007545814733020961,
        0.000750879233237356,
        0.0007463119691237807,
        0.0007435685256496072,
        0.0007430095574818552,
        0.0007380860042758286,
        0.0007372750551439822,
        0.0007277409895323217,
        0.0007228126632981002,
        0.000719051284249872,
        0.0007162024267017841,
        0.0007107872515916824,
        0.0007102969684638083,
        0.0007063382654450834,
        0.000699434953276068,
        0.0006955121643841267,
        0.000692599976900965,
        0.0006915251724421978,
        0.0006849263445474207,
        0.0006820898852311075,
        0.0006793487700633705,
        0.0006772333872504532,
        0.0006723043625243008,
        0.000670174602419138,
        0.000663778861053288,
        0.000660887744743377,
        0.0006593052530661225,
        0.0006542805349454284,
        0.0006513061816804111
    ],