{
    "epoch": [
        1,
        2,
        3,
        4,
        5,
        6,
        7,
        8,
        9,
        10,
        11,
        12,
        13,
        14,
        15,
        16,
        17,
        18,
        19,
        20,
        21,
        22,
        23,
        24,
        25,
        26,
        27,
        28,
        29,
        30,
        31,
        32,
        33,
        34,
        35,
        36,
        37,
        38,
        39,
        40,
        41,
        42,
        43,
        44,
        45,
        46
    ],
    "train_mse_scaled": [
        0.009192372268510173,
        0.006359141731705533,
        0.0059430360535993815,
        0.005687070713985522,
        0.005504685468401672,
        0.005422724998754188,
        0.005323376234044126,
        0.005257101862912466,
        0.005193041673955885,
        0.005186186221145566,
        0.005156217870342872,
        0.005100277549985544,
        0.005129513095299033,
        0.005115202001434714,
        0.005070444913426465,
        0.0050759452232178705,
        0.00508433463915646,
        0.005054854819953176,
        0.005059557295363935,
        0.00501791785719076,
        0.005000703294086633,
        0.005016485758838926,
        0.005027423170354361,
        0.005032629909980809,
        0.005016081285215014,
        0.005017637945490403,
        0.005008625467407376,
        0.00501406075005686,
        0.004990220649840042,
        0.004993682131483119,
        0.004997712218780554,
        0.004992244092299153,
        0.004986447685003274,
        0.004990929976833314,
        0.004984753590723747,
        0.004985647192833082,
        0.004981796340479302,
        0.004978737182856597,
        0.004977001286443838,
        0.004977311037797242,
        0.004977010387876176,
        0.004975592435462016,
        0.004970782428291006,
        0.004973832231567673,
        0.004969186596405711,
        0.004965756151508508
    ],
    "val_mse_scaled": [
        0.002956367438169849,
        0.00308731870590897,
        0.00295751436168743,
        0.002806289829590014,
        0.0027324669689427596,
        0.0026511672405980847,
        0.0026860540508309326,
        0.002774817922785289,
        0.0026605665553571358,
        0.0026759415986759905,
        0.0027442231263829163,
        0.0027428285079258543,
        0.002742498386084613,
        0.0027788604075965396,
        0.0027438899844849374,
        0.0029122389128787064,
        0.0027212208904268563,
        0.0027873791448861595,
        0.0027109794603362046,
        0.002979040411570111,
        0.002817821803918896,
        0.002680883638862497,
        0.002740335289590945,
        0.00272495512211286,
        0.0026977061552798886,
        0.0026722147150280763,
        0.0027265119195170164,
        0.0026861311165191637,
        0.002813811133275124,
        0.0027713901045588684,
        0.0027685186659653026,
        0.002816576571968099,
        0.002800555703488783,
        0.0028463995355757278,
        0.0028804097550064966,
        0.0028521643276427254,
        0.0028838682279598515,
        0.002887293130478952,
        0.002863696831545326,
        0.0028272267641430648,
        0.002845327816420706,
        0.0028526417955177406,
        0.0029776005791248396,
        0.002783444476560959,
        0.0029486884894386113,
        0.0029348801245654864
    ],
    "train_mse_price": [
        0.0006069078022322047,
        0.0004198494765819641,
        0.0003923769433200502,
        0.000375477344529191,
        0.00036343572438136875,
        0.0003580244521702233,
        0.0003514651505781839,
        0.0003470895195297562,
        0.0003428600753831401,
        0.00034240745780152757,
        0.0003404288586949007,
        0.00033673551046697707,
        0.0003386657289108407,
        0.00033772086898894695,
        0.00033476587318497956,
        0.0003351290178397385,
        0.00033568291354312284,
        0.0003337365677561067,
        0.0003340470386549106,
        0.0003312978803005263,
        0.0003301613252760161,
        0.00033120332891667435,
        0.0003319254476742087,
        0.0003322692148240653,
        0.0003311766227437967,
        0.000331279397363002,
        0.0003306843664800447,
        0.00033104321864231036,
        0.00032946922781996416,
        0.0003296977657636535,
        0.00032996384492050684,
        0.0003296028253048527,
        0.00032922012557439466,
        0.00032951606325573243,
        0.00032910827538814186,
        0.00032916727265500404,
        0.0003289130274990887,
        0.0003287110544900402,
        0.00032859644802528886,
        0.0003286168937350708,
        0.00032859704573218006,
        0.0003285034268827075,
        0.00032818585711984476,
        0.0003283872180961838,
        0.00032808049650606794,
        0.00032785400631134124
    ],
    "val_mse_price": [
        0.0001951881816862086,
        0.00020383397276212107,
        0.0001952639062767916,
        0.00018527961198159664,
        0.00018040560470075794,
        0.00017503795906392735,
        0.00017734128858381033,
        0.00018320174263029986,
        0.00017565852892522578,
        0.00017667363374453316,
        0.00018118178678696407,
        0.00018108970836703625,
        0.00018106791234109181,
        0.00018346863874116898,
        0.00018115978955314,
        0.0001922746887212084,
        0.00017966310961426077,
        0.00018403107258636197,
        0.00017898693839627226,
        0.00019668512068978265,
        0.00018604098928666767,
        0.00017699992533309872,
        0.00018092509671604744,
        0.00017990965263122338,
        0.0001781105942623572,
        0.00017642757743114505,
        0.000180012438618477,
        0.00017734637855793852,
        0.00018577619239785255,
        0.00018297542773050958,
        0.00018278584961327354,
        0.0001859587744357477,
        0.0001849010277978884,
        0.00018792777515909946,
        0.00019017323285787138,
        0.00018830838471864611,
        0.0001904015725884772,
        0.00019062769101341575,
        0.00018906979216649493,
        0.00018666193454069973,
        0.0001878570200588449,
        0.0001883399100267718,
        0.00019659005948146867,
        0.00018377129445958082,
        0.00019468119969607035,
        0.0001937695282243217
    ],
    "train_mae_price": [
        0.01692554917628858,
        0.014382533586380608,
        0.013841297692029221,
        0.013484064710369534,
        0.013278166514656298,
        0.013148354922762954,
        0.012968412442215296,
        0.01290253687772579,
        0.012798803487435877,
        0.012789262198484069,
        0.012770854077589029,
        0.0126947571042073,
        0.012703194183291602,
        0.012732478610466856,
        0.012644628783503618,
        0.012649963216853754,
        0.01267058652536786,
        0.01260782987884682,
        0.012711382545047174,
        0.012557013965268279,
        0.012544519891431865,
        0.012550065381128767,
        0.012581424395869095,
        0.012588682020383227,
        0.0125515468602828,
        0.012557410841014329,
        0.01254433300253753,
        0.012541825631251636,
        0.012503034563615267,
        0.012503336829802782,
        0.012506242050598101,
        0.012500134319481652,
        0.01248765369153173,
        0.01248600892646137,
        0.012482301792455876,
        0.01247392604613715,
        0.012473556710371675,
        0.012474358545289619,
        0.01246748084056602,
        0.012463700226374427,
        0.01246742821720091,
        0.01246874034086881,
        0.012455047169262141,
        0.012460063862260434,
        0.012448666436928406,
        0.012447860309143226
    ],