{
    "epoch": [
        1,
        2,
        3,
        4,
        5,
        6,
        7,
        8,
        9,
        10,
        11,
        12,
        13,
        14,
        15,
        16,
        17,
        18,
        19,
        20,
        21,
        22,
        23,
        24,
        25,
        26,
        27,
        28,
        29,
        30,
        31,
        32,
        33,
        34,
        35,
        36,
        37,
        38,
        39,
        40,
        41,
        42,
        43,
        44,
        45,
        46,
        47,
        48,
        49,
        50,
        51,
        52,
        53,
        54,
        55,
        56,
        57,
        58,
        59,
        60,
        61,
        62,
        63,
        64,
        65,
        66,
        67,
        68,
        69,
        70,
        71,
        72,
        73,
        74,
        75
    ],
    "train_mse_scaled": [
        0.0017592942741757574,
        0.0025436975022426265,
        0.0021483871442412217,
        0.0021363501046086273,
        0.0021864915870380497,
        0.0021657902955403052,
        0.0025654097559338384,
        0.002471530258297313,
        0.003991132613643598,
        0.005153310979260403,
        0.00342243614780739,
        0.004814255275255387,
        0.003779529101784788,
        0.003980787727808038,
        0.006450596931377357,
        0.0044972949618334234,
        0.007051111025789059,
        0.00402649153603058,
        0.0032238915074680498,
        0.002878271462612264,
        0.005938410159481116,
        0.005638693315277321,
        0.004698136586065432,
        0.006698859373782064,
        0.0038374501950107064,
        0.0036773545520690266,
        0.0038601698723471226,
        0.004061781578501444,
        0.0042522758944360155,
        0.0021678972628300583,
        0.0027203291350155596,
        0.0050406669037528174,
        0.006993553127024357,
        0.015413218275637044,
        0.016470636031311884,
        0.0095083998138147,
        0.033593798282133214,
        0.013357652988716552,
        0.008853670096949573,
        0.008410523560487876,
        0.006799240593885987,
        0.00755829424859687,
        0.006179185983501675,
        0.004851888513373777,
        0.004105487714939608,
        0.006533632748518891,
        0.004650760621556489,
        0.004458824446656862,
        0.0032183038021241853,
        0.004701930284339412,
        0.003787545089656771,
        0.004467444777738768,
        0.004452503699367422,
        0.003856064648615979,
        0.035168639315677964,
        0.017745432158630975,
        0.004501601673201076,
        0.005561841728020805,
        0.004973242527575953,
        0.004967283796778735,
        0.004933053148771117,
        0.005366320453752355,
        0.00583938759612475,
        0.005669667393455706,
        0.005659757880452907,
        0.004715589522564634,
        0.004195483191438987,
        0.0050726203299884315,
        0.003962769955670897,
        0.006339075790595276,
        0.004082111243124039,
        0.006146134721914876,
        0.004446593855945352,
        0.006761353591290338,
        0.00422850014606182
    ],
    "val_mse_scaled": [
        0.01845602195097065,
        0.016985583928204966,
        0.017718017804765555,
        0.03935233554088827,
        0.025492573780274502,
        0.017517198393242523,
        0.01695151971763339,
        0.017899194269868683,
        0.01749802366291889,
        0.025170704824902888,
        0.023611935217329107,
        0.017731699454532603,
        0.02089080558421093,
        0.016967402327312708,
        0.021762779247174843,
        0.016738272611687754,
        0.026589850940849993,
        0.018498226373585072,
        0.019939682150278307,
        0.02213447956881211,
        0.017739638887868784,
        0.02428992889878488,
        0.023279586237175732,
        0.020790732632894465,
        0.016823498982159478,
        0.016919063311679867,
        0.019872046606122743,
        0.020599919684083014,
        0.02113735894227468,
        0.017562226028002146,
        0.025895394165116662,
        0.02084341921764977,
        0.017112502370611835,
        0.01752459164211233,
        0.01667379423553298,
        0.017207415652576566,
        0.018771982781145308,
        0.01820250661290805,
        0.01814851517862427,
        0.018438137413768235,
        0.018473918966723218,
        0.01807152216312448,
        0.01734976997870453,
        0.01695116009360741,
        0.01747407744240726,
        0.016982132408435085,
        0.021633299345993066,
        0.018148373449677596,
        0.0181880628110906,
        0.01822751094379347,
        0.016853957060853447,
        0.018134982383060834,
        0.01895669216460161,
        0.01742903494308744,
        0.017181671455668412,
        0.021435807861239317,
        0.0230933800035429,
        0.023988781657095958,
        0.02403659507899373,
        0.02392420909739003,
        0.01727030133018336,
        0.022536809095203877,
        0.019234399154225545,
        0.022775872469474708,
        0.02317531447543666,
        0.024313117334209693,
        0.019865300053896202,
        0.02203556560385161,
        0.020243009356950056,
        0.024120723138224432,
        0.021167609813113792,
        0.02208781105010898,
        0.02307047258953877,
        0.0217704041382924,
        0.02143743503893142
    ],
    "train_mse_price": [
        4.4817702023758885,
        6.480023072298741,
        5.472977255482848,
        5.442313245802345,
        5.570047478381338,
        5.517311489451677,
        6.535334076541779,
        6.296178119349463,
        10.167337825378917,
        13.1279670584642,
        8.71859375945093,
        12.264228392181227,
        9.628281664107604,
        10.140984361254405,
        16.43277930260637,
        11.45677670106409,
        17.96257807306581,
        10.257413748617454,
        8.212804573025679,
        7.332344245009138,
        15.127991744617118,
        14.364469985140035,
        11.968418239557066,
        17.06522266699059,
        9.775834054289879,
        9.367993882100299,
        9.833713208716695,
        10.347314664457917,
        10.832595878456623,
        5.522678733993278,
        6.929988391778149,
        12.841007963487737,
        17.81595060098805,
        39.26489356579679,
        41.95864748721611,
        24.222476809889088,
        85.57959299069856,
        34.02837921279866,
        22.5545631362028,
        21.425656367826242,
        17.320941950763512,
        19.254617186353666,
        15.741364309788674,
        12.360097590699203,
        10.458655230123147,
        16.644311689945983,
        11.847728368526605,
        11.358774302422058,
        8.198569896984901,
        11.97808260108236,
        9.648702048397576,
        11.380733820943663,
        11.342672829225496,
        9.823254662879732,
        89.59147236185102,
        45.20616890072435,
        11.467748360848052,
        14.168690778650364,
        12.669245735521695,
        12.654066146934639,
        12.566862814938672,
        13.6706042689968,
        14.875734196564377,
        14.443374513113065,
        14.418131272363627,
        12.012879525656192,
        10.687917452747543,
        12.922408973360273,
        10.095084317024803,
        16.148680428863187,
        10.39910502651961,
        15.657167129328213,
        11.32761763581889,
        17.224426682434054,
        10.772027739345335
    ],