{
    "epoch": [
        1,
        2,
        3,
        4,
        5,
        6,
        7,
        8,
        9,
        10,
        11,
        12,
        13,
        14,
        15,
        16,
        17,
        18,
        19,
        20,
        21,
        22,
        23,
        24,
        25,
        26,
        27,
        28,
        29,
        30,
        31,
        32,
        33,
        34,
        35,
        36,
        37,
        38,
        39,
        40,
        41,
        42,
        43,
        44,
        45,
        46,
        47,
        48,
        49,
        50,
        51,
        52,
        53,
        54,
        55,
        56,
        57,
        58,
        59
    ],
    "train_mse_scaled": [
        1.0030917615157948,
        0.9853525725366897,
        0.9667190593686199,
        0.9529998637793023,
        0.9369090397205481,
        0.9132417671086115,
        0.8892622847213206,
        0.8617968998451063,
        0.8329861378033668,
        0.7958724429367952,
        0.7636469906306043,
        0.7301116343087415,
        0.6892537355818792,
        0.6473092503300697,
        0.6161900057841748,
        0.5786986784190414,
        0.5498082298845605,
        0.5201787845534941,
        0.4989756104237111,
        0.5256493513195739,
        0.5464886690691091,
        0.4740604295585152,
        0.46261826281011476,
        0.4319896947644961,
        0.425698072847149,
        0.4178917361914399,
        0.514153106342159,
        0.4520868144193667,
        0.3775356113109761,
        0.3726529557993853,
        0.41559637945116296,
        0.3571508512860626,
        0.39537648220146604,
        0.31357280806252613,
        0.27616180048846056,
        0.2695255655665447,
        0.2626388380934046,
        0.2445512892766884,
        0.2627315125170198,
        0.38466020038763615,
        0.2694431701942034,
        0.2576125669445758,
        0.25606726910004907,
        0.31905677736443144,
        0.3135068173239451,
        0.28458768038407145,
        0.220143622212456,
        0.22736339268075162,
        0.20939818659197604,
        0.17823928799600808,
        0.20239750880784496,
        0.23196672391319378,
        0.2163926879590176,
        0.20109460306196367,
        0.2292225938930601,
        0.2075679784109184,
        0.25785543149659823,
        0.15616811928900667,
        0.1635722918815937
    ],
    "val_mse_scaled": [
        0.8874859507744185,
        0.8879265736924515,
        0.9034056297476547,
        0.9216575219134728,
        0.9288127054639447,
        0.9452305876445559,
        0.9487880025873182,
        0.9699040943361827,
        0.9631464729386869,
        0.9545357731207892,
        0.9886012796601326,
        0.9953763350007508,
        0.9810780989777623,
        0.9750780312936583,
        0.9346554812867768,
        0.9062376710477132,
        0.9042077707775976,
        0.8970405091601749,
        0.8793280127603024,
        1.099244735042493,
        1.0188936527661974,
        1.0938995893128987,
        1.056545195820945,
        1.2096321341794185,
        1.3793276095432772,
        1.2205029934185194,
        1.1393365748943045,
        1.0055869407977718,
        1.098986350454512,
        1.1219953288620952,
        0.9568286401089818,
        1.0674361605798157,
        1.0506222127132787,
        1.0821033720227347,
        0.9520631945647787,
        1.0299436245483007,
        1.2793805982304407,
        1.2334354348976586,
        1.2078060170337825,
        0.9687272538095175,
        1.053950061773216,
        1.324718181170283,
        1.065523748939735,
        1.270162515319478,
        1.2005698031001395,
        1.0113814537829826,
        1.0859884821023884,
        1.0177622253076362,
        1.1950589305480348,
        1.1535998961324088,
        1.388621550539728,
        0.9958263588543139,
        1.4363818000957298,
        1.2122800231255286,
        1.0546744084686697,
        1.0905035470011801,
        1.2209788601427976,
        1.3370887460752363,
        1.1208255614126825
    ],
    "train_mse_price": [
        0.0006576078068406155,
        0.0006459783240759701,
        0.0006337625494576012,
        0.0006247685131242382,
        0.0006142196688813115,
        0.0005987038578452658,
        0.0005829833670035853,
        0.000564977586517723,
        0.000546089803091106,
        0.0005217587755047037,
        0.0005006323775894926,
        0.0004786472414419126,
        0.00045186157728482467,
        0.0004243635825437988,
        0.0004039623977965114,
        0.00037938379660909565,
        0.0003604437733099993,
        0.0003410192703611471,
        0.00032711887419523594,
        0.0003446056765128297,
        0.00035826753155233855,
        0.00031078496529391694,
        0.0003032836935583976,
        0.0002832041894432068,
        0.00027907952841473477,
        0.00027396184043593474,
        0.0003370689516707462,
        0.00029637948077589445,
        0.00024750513512394727,
        0.0002443041622912603,
        0.0002724570490507981,
        0.00023414127976761315,
        0.000259201272886536,
        0.00020557234176082516,
        0.00018104639995899453,
        0.00017669581094787484,
        0.00017218100416994028,
        0.00016032315791829628,
        0.00017224176270403272,
        0.0002521758824170954,
        0.00017664179762583163,
        0.00016888587708455946,
        0.00016787280997849577,
        0.00020916752710226492,
        0.0002055290829639818,
        0.0001865702466283942,
        0.00014432195244524747,
        0.00014905509697914535,
        0.0001372774534075871,
        0.00011685027269150332,
        0.0001326879424093744,
        0.00015207295422791476,
        0.0001418629121932016,
        0.00013183378245614188,
        0.00015027395615488552,
        0.00013607760334199577,
        0.00016904509686107905,
        0.00010238083592274016,
        0.00010723487094781644
    ],
    "val_mse_price": [
        0.0005818188324430776,
        0.0005821076941448862,
        0.0005922554688102326,
        0.0006042210813005465,
        0.000608911850076034,
        0.000619675122492951,
        0.0006220072812998022,
        0.0006358505971720212,
        0.000631420427030658,
        0.0006257754259612561,
        0.0006481081421982136,
        0.0006525497459745069,
        0.0006431760480642785,
        0.0006392425353407667,
        0.0006127423176719075,
        0.0005941121100652458,
        0.0005927813267664554,
        0.0005880826375797209,
        0.0005764706509944554,
        0.000720643861873,
        0.0006679672322548569,
        0.0007171396846300975,
        0.0006926508424904104,
        0.0007930117393100441,
        0.0009042608292931831,
        0.0008001384749195559,
        0.0007469273107931309,
        0.0006592436031981222,
        0.0007204744826495377,
        0.0007355587109285837,
        0.0006272786036229153,
        0.0006997907400253638,
        0.0006887678661288403,
        0.000709406274110458,
        0.000624154452308273,
        0.0006752113731814149,
        0.0008387374965509284,
        0.0008086166917088889,
        0.0007918145610397252,
        0.0006350790634592968,
        0.0006909495479093127,
        0.0008684599154042395,
        0.0006985370334746947,
        0.0008326942877208098,
        0.0007870706528977159,
        0.0006630423563965285,
        0.0007119533196419816,
        0.0006672254635068579,
        0.0007834578230122088,
        0.0007562780469710916,
        0.0009103537828407559,
        0.0006528447519477396,
        0.0009416644668014673,
        0.0007947476385250954,
        0.0006914244138410176,
        0.0007149133083031416,
        0.0008004504396644832,
        0.0008765698479842244,
        0.0007347918580967934
    ],