{
    "epoch": [
        1,
        2,
        3,
        4,
        5,
        6,
        7,
        8,
        9,
        10,
        11,
        12,
        13,
        14,
        15,
        16,
        17,
        18,
        19,
        20,
        21,
        22,
        23,
        24,
        25,
        26,
        27,
        28,
        29,
        30,
        31,
        32,
        33,
        34,
        35,
        36,
        37,
        38,
        39,
        40,
        41,
        42,
        43,
        44,
        45,
        46,
        47,
        48,
        49,
        50,
        51,
        52,
        53,
        54,
        55,
        56,
        57,
        58,
        59,
        60,
        61
    ],
    "train_mse_scaled": [
        0.0011404059437039164,
        0.0008474944750513412,
        0.0006438927968694735,
        0.00047209584688866744,
        0.0003368307046332634,
        0.00021844462943134543,
        0.00016737515293632597,
        0.00012039658557958416,
        0.00010019266737231138,
        9.977354223585242e-05,
        9.108895735459788e-05,
        7.864552228462542e-05,
        9.345026300518035e-05,
        8.302729891420452e-05,
        6.23246342770243e-05,
        7.588850741481937e-05,
        7.357850526702611e-05,
        5.9823160561083587e-05,
        6.65225519962844e-05,
        4.67573701285408e-05,
        5.5946680361594404e-05,
        5.0641894082461724e-05,
        5.096769435481231e-05,
        3.543690250443333e-05,
        4.850775546962991e-05,
        3.532960320424826e-05,
        4.068594483374458e-05,
        2.2134247089996696e-05,
        3.881405139399619e-05,
        2.8584866113409975e-05,
        1.8891397155050877e-05,
        2.0072593000123808e-05,
        2.8644132027886568e-05,
        1.0048896452369843e-05,
        2.0332044292950934e-05,
        1.2346875504920653e-05,
        1.476524488736234e-05,
        3.59771977730686e-06,
        1.9299792916150855e-05,
        8.005227366670153e-06,
        1.0467496884416845e-05,
        5.9001342199846896e-06,
        5.148837653731167e-06,
        1.4560121455202181e-05,
        3.731104512673934e-06,
        1.1477510582816014e-05,
        5.268591949218196e-06,
        7.926959495523409e-06,
        7.731795997511819e-06,
        8.412816786870678e-07,
        1.405250969427134e-06,
        2.0197778828201065e-05,
        9.98152599028233e-07,
        2.8124214622298366e-06,
        5.666099497827507e-06,
        9.22359416296005e-06,
        1.8037195889894237e-06,
        1.4327170265262178e-05,
        3.557135859423172e-06,
        6.629221383379812e-06,
        2.2786693166113905e-06
    ],
    "val_mse_scaled": [
        0.011045760806434062,
        0.009204401207124182,
        0.00757389791536589,
        0.006209729210739446,
        0.004689060005775685,
        0.0037779890908837405,
        0.003914821932384178,
        0.002218832021156962,
        0.0020942999377187954,
        0.001823320695031443,
        0.0013614614078206275,
        0.0015390326949570837,
        0.0011814117766971311,
        0.0009644804974215252,
        0.001350671056015386,
        0.0011599250721618685,
        0.0008317855239293353,
        0.0007009712838531197,
        0.0007773243246365728,
        0.0009346016883443484,
        0.0007516109714587186,
        0.000736646582711582,
        0.00046053136526137163,
        0.0006716261281285249,
        0.0005799220416932888,
        0.0005821099987743789,
        0.0002777160071382485,
        0.0006200178802480081,
        0.00035366656274630267,
        0.00014360661107738916,
        0.0002919327377535144,
        0.00024765404961278614,
        5.040805636561532e-05,
        0.0003083829467476721,
        0.00016324266247609768,
        6.6447191684310984e-06,
        2.107047066998013e-05,
        0.0002041870983219326,
        7.307051280134977e-05,
        2.7158812544831494e-06,
        0.0001589394151849649,
        2.6679576414839977e-06,
        0.00016407815275325285,
        4.8794802505078795e-05,
        8.725723493738232e-06,
        0.00013136904696799606,
        3.2589354795831478e-06,
        5.714494747512175e-05,
        1.1362194700580669e-05,
        1.907386116839783e-05,
        0.000205942146525827,
        6.296974076084485e-06,
        3.2850576811571304e-05,
        3.430739327788844e-05,
        6.3491853144960555e-06,
        2.6696568881712055e-05,
        3.222407136634759e-05,
        7.7339251928995e-05,
        6.299663664516165e-06,
        8.520304310801794e-06,
        5.250836382928943e-06
    ],
    "train_mse_price": [
        531228189.0363246,
        490233477.6205482,
        510490379.0726144,
        553840029.133393,
        586320936.3860432,
        652021572.8004507,
        697141356.5900182,
        766507568.3877962,
        864726558.8424628,
        879009203.2810929,
        825193918.1496513,
        912466957.499911,
        820225684.8686626,
        860175119.6563298,
        982927281.695255,
        917221840.6989998,
        836679496.3883435,
        892465006.6184974,
        882188978.4246649,
        1000295028.9076734,
        926376177.046467,
        909964193.4360048,
        844070533.143152,
        983398633.6383398,
        933260902.7093029,
        931968368.3634692,
        835849877.4164509,
        992572372.3379753,
        892069450.7289938,
        863147442.4274609,
        977403765.3776463,
        939666402.5938548,
        840732716.0269523,
        1018601810.4826667,
        904775884.485244,
        879281162.9187566,
        952096626.8026035,
        997655740.0367572,
        921986496.0306215,
        894721440.2935638,
        1047649718.9392725,
        895535058.2983077,
        1016040641.8782427,
        921153077.877408,
        911478033.5430177,
        1050695907.1261729,
        899573394.9960506,
        982610186.8050989,
        937529123.7877558,
        959773673.6549133,
        976352162.1049762,
        867213552.3569363,
        967181101.621937,
        919039615.1613393,
        957441079.7306972,
        995792649.0562804,
        925034185.2311047,
        1056275520.7806629,
        907461967.976891,
        941399081.8216465,
        966195899.5159581
    ],
    "val_mse_price": [
        5721919936.219471,
        5725337327.937864,
        5983241059.099765,
        6131573334.986864,
        6451061568.949985,
        6798696898.527011,
        6750110893.129394,
        7530547382.451981,
        7623134920.885288,
        7799791719.177614,
        8197369099.746752,
        7870687597.684023,
        8368477164.014085,
        8596919313.474417,
        8190728750.767491,
        8375956643.5934105,
        8784482594.799067,
        8947007830.007338,
        8806475431.110802,
        8623403354.896868,
        8882614263.096,
        8886041808.32114,
        9346516092.988813,
        8997714878.233845,
        9136254924.33953,
        9129197815.137016,
        9748033571.822943,
        9057288385.805632,
        9568266844.456379,
        10140208913.327524,
        9711077011.192663,
        9830559689.494823,
        10627074848.086964,
        9675551872.692387,
        10094881326.892225,
        11071672378.379288,
        10859593932.16077,
        9956758908.276472,
        10489256404.145859,
        11481634296.526304,
        10106198832.823656,
        10929933883.573715,
        10088922041.867075,
        10634403234.822395,
        11623095826.127592,
        10219213726.753262,
        11468087997.282408,
        10580218150.013884,
        11002466996.039854,
        10889995553.470098,
        9956126232.910084,
        11074992291.457497,
        10759986714.190332,
        11933310880.395464,
        11552949368.400309,
        10810046496.810404,
        11909866064.074331,
        10465302663.688086,
        11519912568.05841,
        11624787958.949121,
        11100879095.693487
    ],