{
    "epoch": [
        1,
        2,
        3,
        4,
        5,
        6,
        7,
        8,
        9,
        10,
        11,
        12,
        13,
        14,
        15,
        16,
        17,
        18,
        19,
        20,
        21,
        22,
        23,
        24,
        25,
        26,
        27,
        28,
        29,
        30,
        31,
        32,
        33,
        34,
        35,
        36,
        37,
        38,
        39,
        40,
        41,
        42,
        43,
        44,
        45,
        46,
        47,
        48,
        49,
        50,
        51,
        52,
        53,
        54,
        55,
        56,
        57,
        58,
        59,
        60,
        61
    ],
    "train_mse_scaled": [
        0.02173884583063064,
        0.015492553288040695,
        0.016866811242850138,
        0.01815959218681889,
        0.017163364189894108,
        0.01593170867273778,
        0.015407164515379313,
        0.01484300004342453,
        0.014522042518652236,
        0.014402666990002016,
        0.014254178683720187,
        0.014076802717236046,
        0.0139238949439474,
        0.013757634257651528,
        0.013984134989297502,
        0.013798233717469206,
        0.01372387090951553,
        0.013559453800094209,
        0.01365561321059452,
        0.013604388632647754,
        0.013623007166087232,
        0.013355385464446472,
        0.013146861012978588,
        0.013321271884490088,
        0.013405813277913967,
        0.013249521420889728,
        0.013212589519529604,
        0.013209550141693557,
        0.013357169990974646,
        0.01304269332301161,
        0.013350662480147612,
        0.013223794405960903,
        0.013036007703624498,
        0.013170715727494887,
        0.013079739069861537,
        0.013223719575051873,
        0.013065072514228365,
        0.01292276561573455,
        0.013058552091216532,
        0.013030814752099,
        0.013121882099041183,
        0.012898498534899093,
        0.012949670357058048,
        0.012867216151478705,
        0.012947345201946545,
        0.01292770386365999,
        0.01298911757394917,
        0.012795290506087308,
        0.013049634517636152,
        0.013068073149511895,
        0.012923798826383835,
        0.012813204474831537,
        0.012759200273668423,
        0.012905105746887215,
        0.012846548595792769,
        0.012921743471760807,
        0.012803153874324185,
        0.012801639068329356,
        0.012927697796308297,
        0.012784902896551905,
        0.012829941395010343
    ],
    "val_mse_scaled": [
        0.02190740731979546,
        0.023566510230442105,
        0.023935668458475536,
        0.02156539824169065,
        0.018072878885481584,
        0.017459956083047682,
        0.01618793338172089,
        0.01569770229098402,
        0.015356169389694977,
        0.01517732683740656,
        0.01501435149481413,
        0.01488893433857951,
        0.014741781122024688,
        0.014629017353627934,
        0.01459276892106013,
        0.01456974799575852,
        0.014573531096903144,
        0.014697038430714114,
        0.014591378546524626,
        0.014708439529106098,
        0.014503488681796056,
        0.014699065376846239,
        0.014813508176826255,
        0.014713893774388892,
        0.015174201837447608,
        0.014730982528902814,
        0.015195131328465113,
        0.015144618906496805,
        0.01501336338516018,
        0.015048915441048995,
        0.01487635757313782,
        0.01518648436530594,
        0.015191184937969946,
        0.015142485978611394,
        0.015234884076020395,
        0.015438065785248548,
        0.014655205674637491,
        0.014806113195822363,
        0.015520956499114957,
        0.014940316058385132,
        0.01567178723206407,
        0.015286596373564465,
        0.01539769160799687,
        0.014904126578263307,
        0.015227016606282189,
        0.01539455758939039,
        0.015615417369997723,
        0.014911071425564306,
        0.015497251686856938,
        0.014894866659274041,
        0.015267107393017981,
        0.014714739855508495,
        0.0147795114288585,
        0.01514920301403832,
        0.015335234962120782,
        0.014983489247053209,
        0.015026752000121399,
        0.01503509559797778,
        0.015291653961910994,
        0.014919025428001147,
        0.014735958116244337
    ],
    "train_mse_price": [
        0.0006936439548838339,
        0.0004943370068531609,
        0.0005381868776580544,
        0.0005794369801683923,
        0.0005476492994725654,
        0.0005083495861756619,
        0.0004916124129443557,
        0.0004736110307344451,
        0.00046336990583794956,
        0.00045956086527829457,
        0.0004548228928571732,
        0.0004491631722380265,
        0.0004442841913836839,
        0.000438979138041126,
        0.00044620633512616547,
        0.0004402745859741365,
        0.00043790181540728567,
        0.00043265558710031736,
        0.00043572385047511996,
        0.00043408937139639153,
        0.0004346834483317472,
        0.00042614416906470645,
        0.0004194905607045241,
        0.00042505567230091874,
        0.00042775322236536853,
        0.00042276625264105135,
        0.0004215878281978744,
        0.0004214908464532782,
        0.0004262011052039407,
        0.0004161667750992491,
        0.0004259934672350905,
        0.00042194535407556624,
        0.0004159534485266785,
        0.0004202517168643457,
        0.00041734883144229723,
        0.0004219429678719306,
        0.0004168808500409777,
        0.00041234011634849,
        0.0004166727976640901,
        0.00041578775417371017,
        0.00041869353251951946,
        0.000411565801445534,
        0.0004131985937683235,
        0.0004105676410911653,
        0.00041312440387977745,
        0.00041249768913610664,
        0.0004144572770335775,
        0.00040827263574939394,
        0.00041638825835754023,
        0.0004169765945346339,
        0.0004123730838180419,
        0.00040884423556586017,
        0.00040712107008675956,
        0.00041177662470810283,
        0.0004099081801951068,
        0.00041230750242251217,
        0.0004085235424644977,
        0.00040847520797669006,
        0.0004124974934329071,
        0.00040794118761851923,
        0.00040937827951030857
    ],