{
    "epoch": [
        1,
        2,
        3,
        4,
        5,
        6,
        7,
        8,
        9,
        10,
        11,
        12,
        13,
        14,
        15,
        16,
        17,
        18,
        19,
        20,
        21,
        22,
        23,
        24,
        25,
        26,
        27,
        28,
        29,
        30,
        31,
        32,
        33,
        34,
        35,
        36,
        37,
        38,
        39,
        40,
        41,
        42,
        43,
        44,
        45,
        46,
        47,
        48,
        49,
        50,
        51,
        52,
        53,
        54,
        55,
        56,
        57,
        58,
        59,
        60,
        61,
        62,
        63,
        64,
        65
    ],
    "train_mse_scaled": [
        0.05942721763592995,
        0.011583587606765776,
        0.009800884421353429,
        0.00862288221728352,
        0.007900097527076337,
        0.0074791655946871765,
        0.007155984057053001,
        0.007008349317576987,
        0.0068769085909379446,
        0.006802409150543038,
        0.006766929922992238,
        0.00675101666594285,
        0.006735487301647871,
        0.006728327645198755,
        0.006722999015690568,
        0.006707584625469672,
        0.0067055744330649135,
        0.006698267262048555,
        0.0066879413827543996,
        0.006684978307008929,
        0.006684092827879862,
        0.00667379332902558,
        0.006665454313149119,
        0.006656244003494946,
        0.006653095632094611,
        0.0066451514313168245,
        0.006643188326032752,
        0.006634037181877054,
        0.0066305590996437215,
        0.006628067055306078,
        0.0066236679204244205,
        0.006619444120437122,
        0.006617401830074947,
        0.006614390904690295,
        0.006612657647815725,
        0.0066109063207722505,
        0.0066097282112711556,
        0.00660847884116057,
        0.006607743270411781,
        0.006607136493364143,
        0.006606967134206205,
        0.006606495490478846,
        0.006606440159725575,
        0.006606445853589692,
        0.0066066250147145305,
        0.006606436678151357,
        0.006606225103917412,
        0.006606173794266536,
        0.006606183761451461,
        0.006605927465718463,
        0.006606129125867081,
        0.006605752365264295,
        0.006605531703160338,
        0.006605386633208224,
        0.006605563544492944,
        0.006605196071984343,
        0.00660516001684902,
        0.006605150553016271,
        0.006604839014637014,
        0.006605065571629136,
        0.006604796930894352,
        0.00660465373581624,
        0.006604558996256875,
        0.006604081699141172,
        0.006603756540486196
    ],
    "val_mse_scaled": [
        0.01181171741783935,
        0.011570202138487964,
        0.01128081645047471,
        0.01106725677763312,
        0.010858980028575856,
        0.010706630439911746,
        0.010606782356796747,
        0.010539289125345241,
        0.010530454244631018,
        0.010502531304330452,
        0.010486626864003921,
        0.010493693401203708,
        0.010461776002831543,
        0.010463370073976186,
        0.010464108863058744,
        0.010459448458302276,
        0.01045303862592065,
        0.010442182998711441,
        0.010440483137200366,
        0.01044222067671481,
        0.010440250764555096,
        0.010440995512177812,
        0.010441684715298303,
        0.010438850006784801,
        0.01043846406636252,
        0.01044045320439528,
        0.01043870751352276,
        0.010438691986356509,
        0.01043881849419872,
        0.010438706743018307,
        0.010439068949936603,
        0.010439167805251968,
        0.010439447575521099,
        0.01043971007244864,
        0.010439822591562623,
        0.010439921757907372,
        0.010439968394302786,
        0.010440054890140405,
        0.010440107169976813,
        0.01044010242932899,
        0.010440116324082076,
        0.010440121627474094,
        0.010440086087893392,
        0.010440046219230397,
        0.010440035167534292,
        0.010440049324902946,
        0.010439979937011486,
        0.010440032092357382,
        0.010440022352958205,
        0.010439980566392606,
        0.010439993760232266,
        0.010439993760232266,
        0.010439954510000671,
        0.0104399429301198,
        0.010439939810103532,
        0.01043997048550642,
        0.010439943133750903,
        0.01043996971202415,
        0.010439831445089136,
        0.010439968866289959,
        0.010439966300412445,
        0.01043988562530736,
        0.010439977956571535,
        0.010439970248359786,
        0.01043999955496527
    ],
    "train_mse_price": [
        0.0017863230178766316,
        0.00034819112478584027,
        0.00029460483864118456,
        0.00025919525919193,
        0.00023746907146576565,
        0.00022481627621174076,
        0.00021510176067940273,
        0.00021066400746406005,
        0.00020671302918810424,
        0.0002044736506971012,
        0.00020340718060762,
        0.00020292884417675672,
        0.0002024620466927389,
        0.00020224683445133532,
        0.00020208666133749372,
        0.0002016233201169824,
        0.00020156289578262765,
        0.00020134325006504822,
        0.00020103286373264118,
        0.00020094379676007727,
        0.00020091717994262463,
        0.00020060758698028718,
        0.00020035692507876007,
        0.0002000800729064172,
        0.00019998543452199154,
        0.00019974664044312583,
        0.00019968763101063406,
        0.00019941255733896287,
        0.00019930800939008274,
        0.00019923310095098438,
        0.0001991008672848204,
        0.00019897390386302877,
        0.00019891251579093395,
        0.0001988220098815437,
        0.0001987699098665756,
        0.00019871726677690908,
        0.00019868185334467843,
        0.00019864429897444271,
        0.00019862218819641732,
        0.00019860394964568194,
        0.00019859885787546676,
        0.00019858468124441756,
        0.00019858301909737188,
        0.00019858318898063272,
        0.00019858857458601525,
        0.0001985829141830607,
        0.00019857655437535774,
        0.00019857501063504844,
        0.0001985753113537136,
        0.0001985676065317337,
        0.00019857366912913555,
        0.00019856234340150228,
        0.0001985557107217292,
        0.0001985513498375373,
        0.0001985566674900179,
        0.00019854562146543126,
        0.0001985445378274032,
        0.00019854425386662934,
        0.00019853488814283688,
        0.0001985416983508905,
        0.00019853362424924272,
        0.0001985293200901711,
        0.00019852647279865114,
        0.00019851212460159505,
        0.00019850235086609066
    ],