{
    "epoch": [
        1,
        2,
        3,
        4,
        5,
        6,
        7,
        8,
        9,
        10,
        11,
        12,
        13,
        14,
        15,
        16,
        17,
        18,
        19,
        20,
        21,
        22,
        23,
        24,
        25,
        26,
        27,
        28,
        29,
        30,
        31,
        32,
        33,
        34,
        35,
        36,
        37,
        38,
        39,
        40,
        41,
        42,
        43,
        44,
        45,
        46,
        47,
        48,
        49,
        50,
        51,
        52,
        53,
        54,
        55,
        56,
        57,
        58,
        59,
        60,
        61,
        62,
        63,
        64,
        65,
        66,
        67,
        68,
        69,
        70,
        71,
        72,
        73,
        74,
        75,
        76,
        77,
        78,
        79,
        80,
        81,
        82
    ],
    "train_mse_scaled": [
        0.0002300258493050933,
        0.00016229400353040546,
        0.00015032989904284477,
        0.00013738423876930028,
        0.00012688292190432549,
        0.00011455671483417973,
        0.0001059310816344805,
        0.00010001600458053872,
        9.020990546559915e-05,
        8.811442967271432e-05,
        7.384838681900874e-05,
        7.293256931006908e-05,
        6.486351048806682e-05,
        5.659176895278506e-05,
        6.446084444178268e-05,
        5.5665885156486183e-05,
        4.845952571486123e-05,
        5.05912939843256e-05,
        5.085459633846767e-05,
        5.1018661906709895e-05,
        4.425199585966766e-05,
        4.9635815230431035e-05,
        3.8174523069756106e-05,
        3.2918600481934845e-05,
        3.4983375371666625e-05,
        4.005055234301835e-05,
        3.583540819818154e-05,
        3.299939999124035e-05,
        3.299958916613832e-05,
        3.2222738809650764e-05,
        2.484466676833108e-05,
        2.7402626074035652e-05,
        2.895057878049556e-05,
        2.6421306756674312e-05,
        3.0432100174948573e-05,
        2.5584826289559714e-05,
        2.567891169746872e-05,
        3.2896521588554606e-05,
        2.543705159041565e-05,
        2.6013865863205865e-05,
        2.4850443878676742e-05,
        2.394821603957098e-05,
        2.1674195522791706e-05,
        1.9559396605473012e-05,
        2.3039032384986058e-05,
        2.661778671608772e-05,
        2.0713046978926286e-05,
        2.1473624656209722e-05,
        2.0767542082467116e-05,
        2.5942596039385535e-05,
        2.1891411961405538e-05,
        2.565723298175726e-05,
        2.0205898181302473e-05,
        2.084709376504179e-05,
        1.9881115804309957e-05,
        1.7473206753493287e-05,
        2.1678890334442258e-05,
        2.040072467934806e-05,
        1.879999581433367e-05,
        1.838468415371608e-05,
        1.80341685336316e-05,
        1.9543496819096617e-05,
        1.381369111186359e-05,
        1.833614442148246e-05,
        1.4553344044543337e-05,
        2.481489173078444e-05,
        1.726859227346722e-05,
        2.1123289116076194e-05,
        1.6176976714632474e-05,
        1.8299433577340096e-05,
        1.3862969353795052e-05,
        1.8638225810718723e-05,
        1.7182346709887497e-05,
        2.1250307327136397e-05,
        1.578403498569969e-05,
        1.5933197573758662e-05,
        1.1430144695623312e-05,
        1.7370746718370356e-05,
        1.9607772628660314e-05,
        1.4457585166383069e-05,
        1.7029253285727464e-05,
        1.4183331586536951e-05
    ],
    "val_mse_scaled": [
        3.259875302319415e-05,
        1.2222175428178161e-05,
        9.760985449247528e-06,
        7.731868208793458e-06,
        2.2325866666506045e-05,
        7.106993507477455e-06,
        1.5536694263573736e-05,
        1.779237572918646e-05,
        5.253111794445431e-06,
        2.1781177565571852e-05,
        1.3009518625040073e-05,
        7.509182978537865e-06,
        2.2868211090099066e-05,
        1.4561164789483882e-05,
        9.993975254474208e-06,
        9.512579708825797e-06,
        4.595173959387466e-05,
        1.3541896805691067e-05,
        7.204680059658131e-06,
        7.055657079035882e-06,
        6.464784291893011e-06,
        9.411918654222973e-06,
        6.74130615152535e-06,
        9.591431080480106e-06,
        1.799779238353949e-05,
        1.107247680920409e-05,
        7.827559784345794e-06,
        7.2061943683365826e-06,
        1.8139970052288845e-05,
        1.164848799817264e-05,
        1.0187638508796226e-05,
        6.589186796190916e-06,
        7.154610557336127e-06,
        5.011098437535111e-06,
        1.1031537724193186e-05,
        1.0457251846673898e-05,
        1.797530239855405e-05,
        1.073260045814095e-05,
        1.8896045730798505e-05,
        4.56220595879131e-06,
        8.252158295363188e-05,
        4.853284735872876e-06,
        1.0232546628685668e-05,
        6.59094848742825e-06,
        2.3400811187457293e-05,
        3.1417894206242636e-05,
        3.7986363167874515e-05,
        7.390173323074123e-06,
        2.9819970222888514e-05,
        7.655486115254462e-06,
        1.4963093235564884e-05,
        4.308564257371472e-06,
        1.628539030207321e-05,
        6.26774408374331e-06,
        6.573765404027654e-06,
        5.101220722281141e-06,
        4.711841756943613e-05,
        1.2480211807996966e-05,
        8.363397682842333e-06,
        6.9451170929824e-06,
        1.9199016605853103e-05,
        7.743773494439665e-06,
        1.789412635844201e-05,
        1.1478119631647132e-05,
        3.709322845679708e-05,
        1.8340770111535676e-05,
        8.391150004172232e-06,
        8.048344170674682e-06,
        8.869507837516721e-06,
        2.3772627173457295e-05,
        6.257668701437069e-06,
        2.9277329304022714e-05,
        5.205628440307919e-06,
        5.975071417196887e-06,
        1.976382736756932e-05,
        1.3363091056817211e-05,
        4.422007259563543e-05,
        7.437725344061619e-06,
        5.084844360681018e-06,
        5.402856459113536e-06,
        9.351309017802123e-06,
        5.567341304413276e-06
    ],