{
    "epoch": [
        1,
        2,
        3,
        4,
        5,
        6,
        7,
        8,
        9,
        10,
        11,
        12,
        13,
        14,
        15,
        16,
        17,
        18,
        19,
        20,
        21,
        22,
        23,
        24,
        25,
        26,
        27,
        28,
        29,
        30,
        31,
        32,
        33,
        34,
        35,
        36,
        37,
        38,
        39,
        40,
        41,
        42,
        43,
        44
    ],
    "train_mse_scaled": [
        0.05137593737272654,
        0.013700490349591934,
        0.010077140643932333,
        0.008442596447346191,
        0.007701905434922151,
        0.007334597093754205,
        0.007137541826420088,
        0.007036600558522651,
        0.006986830569663794,
        0.0069645365875815645,
        0.006955314705514716,
        0.006951090445984382,
        0.006945748340662742,
        0.0069381574222875135,
        0.006926967384295684,
        0.006904673736652716,
        0.006882611333338059,
        0.006864833326737266,
        0.006846165368362099,
        0.00683671472174179,
        0.006831758798509246,
        0.0068284951958356285,
        0.0068238335020715645,
        0.006818658268853852,
        0.006809319039255685,
        0.006800259869881591,
        0.006790731941509881,
        0.00678099948878109,
        0.0067801504259052325,
        0.006768558113088185,
        0.0067544309070069995,
        0.00674653416062614,
        0.006739481288263255,
        0.006732755811466723,
        0.006724253152195929,
        0.00671481267540107,
        0.006709761429235078,
        0.006703363698533206,
        0.006695361828744195,
        0.006691247664219425,
        0.006685393518942314,
        0.0066800876953587275,
        0.00667423012178105,
        0.006670166905703677
    ],
    "val_mse_scaled": [
        0.011612481622579659,
        0.011021039555798076,
        0.010778296402177538,
        0.01070691382726061,
        0.010739450087872814,
        0.010857730941086585,
        0.01105720804564197,
        0.011321368361130025,
        0.011627550982129505,
        0.011950285736299728,
        0.012270734594801387,
        0.012585669918896848,
        0.01286023318458451,
        0.013186889149347758,
        0.013394751723173575,
        0.013579211178365361,
        0.013734258539281917,
        0.013916894346200841,
        0.014046562463733267,
        0.014144878532040666,
        0.014211744346364165,
        0.014235986847209909,
        0.01424593499559048,
        0.014235698217225397,
        0.01419034945101008,
        0.014124558452262004,
        0.014044886252722462,
        0.013952853342438317,
        0.01383594895782833,
        0.013795622239143426,
        0.013699657985368383,
        0.013569296171875845,
        0.013553358330994683,
        0.013424749488660426,
        0.013309177304968929,
        0.013244506975196194,
        0.013231146852343823,
        0.013061916380302794,
        0.013001316551798843,
        0.012881562147791292,
        0.012787357135930206,
        0.012741187272388425,
        0.01270754924725093,
        0.012585852225305895
    ],
    "train_mse_price": [
        0.001544309569725632,
        0.00041182312200662964,
        0.0003029088277145861,
        0.00025377604989817716,
        0.00023151161503937837,
        0.00022047069205639915,
        0.00021454740699116502,
        0.00021151321303620294,
        0.00021001717536633732,
        0.0002093470404256841,
        0.00020906984016313976,
        0.00020894286417335407,
        0.00020878228533629923,
        0.00020855411073170027,
        0.00020821774818448124,
        0.00020754762325866162,
        0.00020688445062129192,
        0.00020635006153233863,
        0.00020578892046035037,
        0.0002055048434164441,
        0.00020535587237915234,
        0.00020525777325361603,
        0.0002051176470265373,
        0.00020496208546208337,
        0.00020468135588049853,
        0.00020440904759222618,
        0.00020412264690196903,
        0.00020383009873509907,
        0.0002038045768421612,
        0.00020345612382861332,
        0.00020303147350772828,
        0.00020279410639523462,
        0.00020258210298377153,
        0.00020237994252432503,
        0.0002021243604256604,
        0.00020184058963380563,
        0.00020168875413636173,
        0.0002014964447524905,
        0.00020125591585099016,
        0.00020113224943573736,
        0.0002009562787404141,
        0.00020079679142717523,
        0.0002006207192777058,
        0.0002004985822539182
    ],
    "val_mse_price": [
        0.000349059638935747,
        0.0003312814795036936,
        0.0003239848619624053,
        0.00032183917307197627,
        0.00032281718065568955,
        0.0003263725848999716,
        0.0003323686687791052,
        0.0003403090637760547,
        0.00034951260886440666,
        0.0003592136972293264,
        0.00036884607367251496,
        0.00037831271921206854,
        0.0003865658164383506,
        0.0003963847662257265,
        0.00040263291052154487,
        0.0004081775794817586,
        0.0004128381545850398,
        0.00041832800042878763,
        0.00042222569064551086,
        0.00042518098411919775,
        0.0004271909018884563,
        0.0004279196056062764,
        0.0004282186332508403,
        0.0004279109269853485,
        0.000426547789150432,
        0.00042457017775567274,
        0.00042217530896399133,
        0.000419408890331232,
        0.00041589485992549435,
        0.0004146826815255254,
        0.00041179808804368975,
        0.00040787954543970365,
        0.00040740046829563196,
        0.0004035346161766154,
        0.000400060630095406,
        0.00039811670457869325,
        0.0003977151167196024,
        0.00039262821181355596,
        0.00039080663958422716,
        0.00038720694364255236,
        0.0003843752322110765,
        0.0003829874102508286,
        0.000381976290461716,
        0.00037831819533408424
    ],
    "train_mae_price": [
        0.023051456014714596,
        0.013570091829490346,
        0.012258696622930783,
        0.011492048542490727,
        0.011008185841611779,
        0.01069675307195178,
        0.010505930208193827,
        0.010412971988017439,
        0.010362093848986832,
        0.01034607554515028,
        0.010341459381832967,
        0.010342877902073193,
        0.010342375394634585,
        0.010345128487250364,
        0.010346232789551312,
        0.010336827018776034,
        0.01033168384868353,
        0.010320651366513577,
        0.010317501190830554,
        0.010312014218033062,
        0.010317816986111207,
        0.010321509753175731,
        0.010318378414161465,
        0.010314127258611711,
        0.010308377734530888,
        0.010298775524086529,
        0.010286769545779856,
        0.010273716027216573,
        0.010256544799599842,
        0.010250519102925338,
        0.010236532586763065,
        0.010220432803782329,
        0.010210760462435357,
        0.010200833180134724,
        0.01018731623386733,
        0.010174804762936385,
        0.010167208107640137,
        0.010156922997470893,
        0.010144690185003493,
        0.010138150961866106,
        0.01012944939159493,
        0.010122480236016865,
        0.010115347234368792,
        0.010106735160863276
    ],