{
    "epoch": [
        1,
        2,
        3,
        4,
        5,
        6,
        7,
        8,
        9,
        10,
        11,
        12,
        13,
        14,
        15,
        16,
        17,
        18,
        19,
        20,
        21,
        22,
        23,
        24,
        25,
        26,
        27,
        28,
        29,
        30,
        31,
        32,
        33,
        34,
        35,
        36,
        37,
        38,
        39,
        40,
        41,
        42,
        43,
        44,
        45,
        46,
        47,
        48,
        49,
        50,
        51,
        52,
        53,
        54,
        55,
        56,
        57,
        58,
        59,
        60,
        61,
        62,
        63,
        64,
        65,
        66,
        67,
        68,
        69,
        70,
        71,
        72,
        73,
        74,
        75,
        76,
        77
    ],
    "train_mse_scaled": [
        0.0015537914587184787,
        0.0011505529982969165,
        0.0011057170340791345,
        0.00102803239133209,
        0.0009368754108436406,
        0.0008324215887114406,
        0.0007360023446381092,
        0.0006340989493764937,
        0.0005292138084769249,
        0.0004250416241120547,
        0.00033050868660211563,
        0.00024801382096484303,
        0.0001849418185884133,
        0.00013336780830286443,
        9.819084516493604e-05,
        7.514440221711993e-05,
        6.501864845631644e-05,
        5.148324999026954e-05,
        4.045439709443599e-05,
        3.634635140770115e-05,
        3.893937901011668e-05,
        2.835908526321873e-05,
        2.881396903831046e-05,
        2.4925557227106765e-05,
        2.9982526029925793e-05,
        2.632423274917528e-05,
        2.624194894451648e-05,
        2.3559905457659625e-05,
        2.3824910385883413e-05,
        1.9773233361775056e-05,
        1.9654451534734108e-05,
        2.343821688555181e-05,
        1.94428394024726e-05,
        1.5582269043079577e-05,
        1.630996302992571e-05,
        2.386139203736093e-05,
        1.6597719877609052e-05,
        2.0430379663594067e-05,
        2.035707439063117e-05,
        1.868483923317399e-05,
        1.472615622333251e-05,
        1.729138421069365e-05,
        1.4901128452038392e-05,
        1.5882720617810264e-05,
        1.4243233636079822e-05,
        1.3859761565981898e-05,
        1.4959386135160457e-05,
        1.2713392607111018e-05,
        1.4031704267836176e-05,
        1.264409365830943e-05,
        1.2192141184641514e-05,
        1.469826020183973e-05,
        8.32524983707117e-06,
        1.0491440662008245e-05,
        8.68949882715242e-06,
        1.3385898455453571e-05,
        8.048853487707675e-06,
        1.0213280802418012e-05,
        9.338828022009693e-06,
        7.387399818981066e-06,
        1.0991553608619142e-05,
        8.051199074543547e-06,
        1.1348298357916065e-05,
        8.871157660905737e-06,
        8.63139757711906e-06,
        7.733817255939357e-06,
        8.958195394370705e-06,
        8.512135536875576e-06,
        6.487725840997882e-06,
        8.052264092839323e-06,
        6.877656232973095e-06,
        6.627704806305701e-06,
        8.040314241952728e-06,
        7.170923254307127e-06,
        7.1401386776415166e-06,
        6.747194674971979e-06,
        6.179774118209025e-06
    ],
    "val_mse_scaled": [
        6.347352609736845e-05,
        6.711902824463323e-05,
        6.063644104870036e-05,
        5.1419461669865996e-05,
        4.2662493797251955e-05,
        2.9543334676418453e-05,
        1.5441561117768288e-05,
        3.2826258120621787e-06,
        1.7343197669106303e-06,
        7.85973224992631e-06,
        9.292838512919843e-06,
        8.640972737339325e-06,
        8.149916538968682e-06,
        3.092848828600836e-06,
        8.406069582633791e-07,
        1.1711276783898938e-06,
        5.155927738087485e-07,
        2.2258545868680812e-06,
        4.555048690235708e-06,
        7.266052762133768e-06,
        4.56699717688025e-06,
        3.1428317015524954e-06,
        4.131849891564343e-06,
        1.5015432381915161e-06,
        2.067170726149925e-06,
        1.6972810499282787e-06,
        1.63205379521969e-06,
        2.4858622964529786e-06,
        1.8457548094374943e-06,
        2.5014674065459985e-06,
        1.399802386004012e-06,
        1.652735932111682e-06,
        1.6338304931196035e-06,
        1.6976048300421098e-06,
        2.5781164367799647e-06,
        1.564641934237443e-06,
        1.7272737977691577e-06,
        1.4158147223497508e-06,
        1.32885350012657e-06,
        1.2952920087627717e-06,
        1.314806809205038e-06,
        1.2637769941648003e-06,
        1.337561457148695e-06,
        1.2964093230038998e-06,
        1.2437163832146325e-06,
        1.2695270470430842e-06,
        1.3784818975182134e-06,
        1.170038444797683e-06,
        1.12916563921317e-06,
        1.0401541885585175e-06,
        1.0898448863372323e-06,
        1.080276661014068e-06,
        9.502524562776671e-07,
        1.0414410098746885e-06,
        1.3859630598744843e-06,
        2.27597820412484e-06,
        8.757566547501483e-07,
        8.14504858226428e-07,
        8.946682328314637e-07,
        1.1203505891899113e-06,
        1.3039505120104877e-06,
        9.029813554661814e-07,
        1.0593471415631939e-06,
        7.060509119583003e-07,
        8.44479245643015e-07,
        6.861825454507198e-07,
        7.239490287247463e-07,
        6.458882353399531e-07,
        7.634708367731946e-07,
        7.191260351646633e-07,
        6.832951271462662e-07,
        1.3074381968181115e-06,
        7.005516522440303e-07,
        9.377235414831375e-07,
        6.476906264651916e-07,
        1.1782651654357323e-06,
        5.556325390898564e-07
    ],
    "train_mse_price": [
        4632100.0,
        3429982.0,
        3296319.0,
        3064727.75,
        2792974.5,
        2481581.25,
        2194140.5,
        1890349.75,
        1577670.875,
        1267116.75,
        985299.0,
        739368.75,
        551341.0,
        397590.65625,
        292722.625,
        224017.453125,
        193830.984375,
        153479.765625,
        120601.046875,
        108354.265625,
        116084.546875,
        84542.9765625,
        85899.0390625,
        74307.078125,
        89382.7265625,
        78476.7578125,
        78231.4375,
        70235.859375,
        71025.8828125,
        58947.16015625,
        58593.0546875,
        69873.078125,
        57962.20703125,
        46453.23828125,
        48622.5859375,
        71134.625,
        49480.4609375,
        60906.23828125,
        60687.703125,
        55702.48828125,
        43901.015625,
        51548.37109375,
        44422.64453125,
        47348.921875,
        42461.34765625,
        41318.16015625,
        44596.32421875,
        37900.66015625,
        41830.7578125,
        37694.0546875,
        36346.72265625,
        43817.859375,
        24818.892578125,
        31276.666015625,
        25904.779296875,
        39905.4921875,
        23994.91796875,
        30447.427734375,
        27840.525390625,
        22023.013671875,
        32767.59375,
        24001.89453125,
        33831.09765625,
        26446.349609375,
        25731.572265625,
        23055.73828125,
        26705.8125,
        25376.03125,
        19340.939453125,
        24005.09375,
        20503.392578125,
        19758.2421875,
        23969.447265625,
        21377.650390625,
        21285.876953125,
        20114.462890625,
        18422.88671875
    ],