{
    "epoch": [
        1,
        2,
        3,
        4,
        5,
        6,
        7,
        8,
        9,
        10,
        11,
        12,
        13,
        14,
        15,
        16,
        17,
        18,
        19,
        20,
        21,
        22,
        23,
        24,
        25,
        26,
        27,
        28,
        29,
        30,
        31,
        32,
        33,
        34,
        35,
        36,
        37,
        38,
        39,
        40,
        41,
        42,
        43,
        44,
        45,
        46,
        47,
        48,
        49,
        50,
        51,
        52,
        53,
        54,
        55,
        56,
        57,
        58,
        59,
        60,
        61,
        62,
        63,
        64,
        65,
        66,
        67,
        68,
        69,
        70,
        71,
        72,
        73
    ],
    "train_mse_scaled": [
        0.02030082573988079,
        0.00852781085721986,
        0.007688987852839714,
        0.007137765512521774,
        0.006713439775529878,
        0.006524734931822925,
        0.00635047357483719,
        0.006200284039977637,
        0.006082759172005002,
        0.005999868224985036,
        0.005783510981674333,
        0.005610326976921777,
        0.005677767187987328,
        0.0056166461160718625,
        0.0054600325253883275,
        0.005407238673790593,
        0.005469024579288204,
        0.00550523637977251,
        0.0054403637368751895,
        0.005333121176901051,
        0.005301557505546874,
        0.0052490412299371104,
        0.005262803374127553,
        0.00529283522270616,
        0.005256885386607159,
        0.005159939745818,
        0.005169074073677235,
        0.005199905024122529,
        0.0051440146583233105,
        0.005178070022108046,
        0.005142428890964872,
        0.005129432050859776,
        0.005106089559752625,
        0.00516956372032328,
        0.005088873796556256,
        0.005071109485549856,
        0.005115188751306811,
        0.005079097270007264,
        0.005081557311622581,
        0.005091031947585728,
        0.005081505660298603,
        0.0050729005852943555,
        0.005072599648624391,
        0.005090179927459404,
        0.0050800266816493625,
        0.005077008002519765,
        0.005065346724245669,
        0.005052725326378248,
        0.00507442111379494,
        0.005049622666624788,
        0.005047272268915915,
        0.005075085799844276,
        0.005039984758950695,
        0.005062457264349033,
        0.005051483689680557,
        0.005065349224909494,
        0.005080591712495658,
        0.005047036662597976,
        0.005047369180295594,
        0.00503701779907094,
        0.005017464916488584,
        0.005037431353654407,
        0.005042991642082547,
        0.005047263200094164,
        0.005037307415209578,
        0.005019378806436407,
        0.00501001952628986,
        0.005022942794988763,
        0.005029692092668522,
        0.005028905325962573,
        0.005008861261575567,
        0.005039691617808998,
        0.0050131372353433516
    ],
    "val_mse_scaled": [
        0.0031041020208389726,
        0.003099566663603959,
        0.0030518950326836602,
        0.003506798464022154,
        0.003466496733845403,
        0.003240090074836033,
        0.003308227207222103,
        0.0031556287082452616,
        0.0030093108782075716,
        0.0030430617128750725,
        0.0030405111905480453,
        0.0030470872555156347,
        0.002948180896432717,
        0.0031244693624877585,
        0.002765618403682879,
        0.0027079058658131317,
        0.0026858422137607365,
        0.0026653335286013656,
        0.002607706716385394,
        0.002598685406875134,
        0.002636182795858133,
        0.0026758506742410757,
        0.002608242514373782,
        0.0027863462039416477,
        0.002678310106422366,
        0.002978092038186375,
        0.0028736649157369955,
        0.002630303163670478,
        0.0026593031976219093,
        0.00272326039357722,
        0.002754338347915031,
        0.002739159431787641,
        0.0025845526292370023,
        0.002618799531347804,
        0.0026518198043388175,
        0.002633473996310487,
        0.0027081138541575457,
        0.0026669603057030145,
        0.0026708181408707787,
        0.002963219960090768,
        0.0026058667729088824,
        0.0026437440015044445,
        0.0027850252176101265,
        0.002687098337743521,
        0.002736052676215195,
        0.0027059632690937365,
        0.0026775573771743665,
        0.0030258708456093685,
        0.0026801215184825366,
        0.0026828214789150094,
        0.002846645365683387,
        0.002756252377056967,
        0.002708552180561696,
        0.0026895548163573756,
        0.002709061990798034,
        0.0028028530020264954,
        0.0031376338288254145,
        0.002691076202008524,
        0.0027017073228979616,
        0.0027246156685464483,
        0.0029195993766940377,
        0.0028491521915441353,
        0.0027068008113698026,
        0.002811011912730521,
        0.0029440881276112663,
        0.0028708234572846435,
        0.002755275310369687,
        0.0027761246456165624,
        0.0026971124392872526,
        0.0027393591185789212,
        0.0027142204108031366,
        0.0027027370369268056,
        0.0029051901028608997
    ],
    "train_mse_price": [
        0.0013403209827889076,
        0.0005630314647679294,
        0.0005076498730665239,
        0.0004712565324543716,
        0.00044324128674506143,
        0.00043078243155406077,
        0.0004192771729486305,
        0.00040936121689425165,
        0.0004016018741868632,
        0.00039612916871774014,
        0.00038184461695253084,
        0.0003704104949534638,
        0.0003748630991521575,
        0.00037082770103443147,
        0.00036048760654292666,
        0.00035700199884307576,
        0.0003610812917180708,
        0.00036347209771344567,
        0.00035918901495923214,
        0.0003521085422268992,
        0.00035002461430586686,
        0.00034655733353471704,
        0.00034746595174918904,
        0.0003494487459619665,
        0.0003470752271285182,
        0.0003406745878330245,
        0.00034127766120636285,
        0.0003433132144208087,
        0.0003396231651076718,
        0.00034187160200354293,
        0.00033951846805264013,
        0.00033866037742641896,
        0.0003371192395714878,
        0.00034130999027679306,
        0.00033598260012876767,
        0.0003348097486504523,
        0.00033771999357276453,
        0.0003353371257032196,
        0.0003354995455616409,
        0.0003361250902750779,
        0.0003354961342573309,
        0.0003349280010279507,
        0.00033490813574928705,
        0.00033606883727126243,
        0.0003353984877242777,
        0.0003351991874331959,
        0.00033442927374958536,
        0.0003335959722690648,
        0.00033502839312525947,
        0.00033339112648518126,
        0.00033323594382527285,
        0.0003350722775382819,
        0.00033275480046041816,
        0.0003342385048864005,
        0.00033351399553712796,
        0.0003344294373673154,
        0.00033543579316980265,
        0.0003332203878679557,
        0.00033324234279268294,
        0.0003325589164217689,
        0.00033126797509148054,
        0.0003325862166421623,
        0.00033295332552455754,
        0.00033323534844346823,
        0.0003325780352909558,
        0.00033139433639969276,
        0.0003307764106115143,
        0.000331629643834537,
        0.0003320752474845932,
        0.0003320233040014614,
        0.00033069993990245415,
        0.00033273545005547826,
        0.00033098225061008093
    ],