{
    "epoch": [
        1,
        2,
        3,
        4,
        5,
        6,
        7,
        8,
        9,
        10,
        11,
        12,
        13,
        14,
        15,
        16,
        17,
        18,
        19,
        20,
        21,
        22,
        23,
        24,
        25,
        26,
        27,
        28,
        29,
        30,
        31,
        32,
        33,
        34,
        35,
        36,
        37,
        38,
        39,
        40,
        41,
        42,
        43,
        44,
        45,
        46,
        47,
        48,
        49,
        50,
        51,
        52,
        53,
        54,
        55,
        56,
        57,
        58,
        59,
        60,
        61,
        62,
        63,
        64,
        65,
        66,
        67,
        68,
        69,
        70,
        71,
        72,
        73,
        74,
        75,
        76,
        77,
        78,
        79
    ],
    "train_mse_scaled": [
        0.008931059390306473,
        0.0014961219858378172,
        0.001296881353482604,
        0.0011445432901382446,
        0.0009982130723074079,
        0.0008550227503292263,
        0.0007138634682632983,
        0.0005972378421574831,
        0.00046972971176728606,
        0.0003701148380059749,
        0.0003091025282628834,
        0.00025425662170164287,
        0.00022049482504371554,
        0.00018313288455829024,
        0.00015512527897953987,
        0.00013375004346016794,
        0.00011610872024903074,
        0.0001043257288984023,
        8.881327084964141e-05,
        8.152698865160346e-05,
        7.017123425612226e-05,
        6.648678390774876e-05,
        5.701142436009832e-05,
        5.3459905757335946e-05,
        4.427820385899395e-05,
        4.148951848037541e-05,
        3.97868498112075e-05,
        3.715134153026156e-05,
        3.1078714528121054e-05,
        2.8446607757359743e-05,
        2.7523134122020565e-05,
        2.9477407224476337e-05,
        2.256278821732849e-05,
        2.6194520614808425e-05,
        2.1636536985170096e-05,
        1.7764754375093617e-05,
        1.8901326257037e-05,
        2.4627515813335776e-05,
        1.863468423835002e-05,
        1.6592215615673922e-05,
        1.8813532733474858e-05,
        1.6702510038157925e-05,
        1.5589301256113686e-05,
        1.3547316484618932e-05,
        1.663741386437323e-05,
        1.562946999911219e-05,
        1.226304993906524e-05,
        1.6356601918232627e-05,
        1.260020235349657e-05,
        1.1401559277146589e-05,
        1.4729944268765394e-05,
        9.745764145918656e-06,
        9.032005436893087e-06,
        1.4460371858149301e-05,
        9.891589797916822e-06,
        1.170565519714728e-05,
        9.383415999764111e-06,
        1.2077082828909624e-05,
        9.378063623444177e-06,
        1.124160917242989e-05,
        8.657738362671807e-06,
        1.1353829904692248e-05,
        8.94621462066425e-06,
        1.0059035957965534e-05,
        7.618323706992669e-06,
        7.346498023252934e-06,
        1.203503597935196e-05,
        7.469338925147895e-06,
        1.0887412827287335e-05,
        6.70094914312358e-06,
        9.458069143875036e-06,
        9.888498425425496e-06,
        9.441100701224059e-06,
        1.0249044862575829e-05,
        9.067379323823843e-06,
        8.073471690295264e-06,
        9.185372618958354e-06,
        8.224116754718125e-06,
        7.45188435757882e-06
    ],
    "val_mse_scaled": [
        0.00021052964439149946,
        8.61659791553393e-05,
        7.148570148274302e-05,
        5.608846549876034e-05,
        4.2874522478086874e-05,
        3.455441401456483e-05,
        1.974132828763686e-05,
        9.56967232923489e-06,
        2.6837349196284777e-06,
        1.0091955573443556e-06,
        1.5361893019871786e-06,
        9.294830647377239e-07,
        1.066608092514798e-06,
        7.581415388813184e-07,
        8.499430919073347e-07,
        8.172951879714674e-07,
        6.0875129292981e-07,
        5.986375413158385e-07,
        5.948579655523645e-07,
        1.8608344589665649e-06,
        1.6080460909506655e-06,
        1.650846343181911e-06,
        6.307163403107552e-06,
        1.8107953110302333e-06,
        2.8504578040156048e-06,
        3.634717813838506e-06,
        2.338740614504786e-06,
        3.177725602654391e-06,
        4.304917638364714e-06,
        3.650042344816029e-06,
        1.88245321623981e-05,
        2.9462123620760394e-06,
        4.353209988039453e-06,
        3.820260189968394e-06,
        4.208639893477084e-06,
        3.2522334549867082e-06,
        4.812113274965668e-06,
        1.590135616424959e-05,
        3.659750063889078e-06,
        4.486588750296505e-06,
        4.8513679757888895e-06,
        4.20517517341068e-06,
        2.8987044515815796e-06,
        1.2887436241726391e-05,
        4.962729690305423e-06,
        3.3375233670085436e-06,
        3.760929303098237e-06,
        3.78287381863629e-06,
        4.976629497832619e-06,
        2.9192306101322174e-06,
        4.142600118939299e-06,
        5.250422418612288e-06,
        5.41462122782832e-06,
        3.709747716129641e-06,
        2.9114623885106994e-06,
        3.88125272365869e-06,
        4.026645910926163e-06,
        3.984445356763899e-06,
        4.594710389937973e-06,
        3.71998385162442e-06,
        3.439532292759395e-06,
        3.3410424293833785e-06,
        3.0078836061875336e-06,
        3.043647893719026e-06,
        5.241889539320255e-06,
        3.825644853350241e-06,
        7.901569915702567e-06,
        2.6445445655554067e-06,
        1.3934695743955672e-05,
        1.8747825833997922e-06,
        2.473075255693402e-06,
        3.082490593442344e-06,
        4.109309429622954e-06,
        2.9014904612267856e-06,
        3.3869812341436045e-06,
        3.6756771351065254e-06,
        4.2499436858634e-06,
        1.9499368590913946e-06,
        4.122490736335749e-06
    ],
    "train_mse_price": [
        26624906.0,
        4460177.5,
        3866210.0,
        3412066.0,
        2975831.75,
        2548959.0,
        2128140.5,
        1780460.875,
        1400339.125,
        1103371.25,
        921483.8125,
        757979.5,
        657330.0625,
        545948.25,
        462453.125,
        398730.15625,
        346138.625,
        311011.71875,
        264766.5625,
        243044.921875,
        209191.671875,
        198207.75,
        169960.15625,
        159372.53125,
        132000.390625,
        123686.859375,
        118610.9453125,
        110754.109375,
        92650.609375,
        84803.859375,
        82050.8359375,
        87876.8515625,
        67263.28125,
        78090.0390625,
        64501.97265625,
        52959.57421875,
        56347.8671875,
        73418.546875,
        55552.95703125,
        49464.05859375,
        56086.16015625,
        49792.84765625,
        46474.2109375,
        40386.703125,
        49598.796875,
        46593.95703125,
        36558.109375,
        48761.64453125,
        37563.2109375,
        33989.87109375,
        43912.3125,
        29053.67578125,
        26925.841796875,
        43108.6796875,
        29488.40625,
        34896.41796875,
        27973.455078125,
        36003.69921875,
        27957.51171875,
        33513.015625,
        25810.099609375,
        33847.57421875,
        26670.09765625,
        29987.59765625,
        22711.43359375,
        21901.0859375,
        35878.35546875,
        22267.283203125,
        32457.09765625,
        19976.60546875,
        28196.005859375,
        29479.18359375,
        28145.416015625,
        30554.041015625,
        27031.298828125,
        24068.306640625,
        27383.05078125,
        24517.412109375,
        22215.25390625
    ],