{
    "epoch": [
        1,
        2,
        3,
        4,
        5,
        6,
        7,
        8,
        9,
        10,
        11,
        12,
        13,
        14,
        15,
        16,
        17,
        18,
        19,
        20,
        21,
        22,
        23,
        24,
        25,
        26,
        27,
        28,
        29,
        30,
        31,
        32,
        33,
        34,
        35,
        36,
        37,
        38,
        39,
        40,
        41,
        42,
        43,
        44,
        45,
        46,
        47,
        48,
        49,
        50,
        51,
        52,
        53,
        54,
        55,
        56,
        57,
        58,
        59,
        60,
        61,
        62,
        63,
        64,
        65,
        66,
        67,
        68
    ],
    "train_mse_scaled": [
        1.0142052303984406,
        1.0119093630672091,
        1.0060107750366123,
        0.9904256673884363,
        0.9706055188152825,
        0.942938951027562,
        0.9129438959864707,
        0.8829840434040611,
        0.863188685869775,
        0.8267141823889759,
        0.7994619574590421,
        0.7670019100508568,
        0.7373643314052108,
        0.7052704526586232,
        0.691203354772633,
        0.6603374485730381,
        0.6426706197801966,
        0.6317794428085245,
        0.6339328917426512,
        0.6334588968791416,
        0.6214371383616321,
        0.6152639886219656,
        0.5843346060760599,
        0.5622672615271859,
        0.5474465220846775,
        0.5304209434179101,
        0.5087960770950255,
        0.48583697089778,
        0.4688666209059652,
        0.47350565366302305,
        0.4444107262768982,
        0.42226639952462997,
        0.42878861908179344,
        0.43421510157055787,
        0.41547010437088755,
        0.4164568776756516,
        0.4413186334228766,
        0.37816398194822315,
        0.3330002531780165,
        0.33076478309692137,
        0.3794490906653396,
        0.3247906787941626,
        0.2940643406601606,
        0.2768540162380671,
        0.2832347516732967,
        0.29414376946023074,
        0.30571751194803837,
        0.29882018201634214,
        0.2937762078541368,
        0.3213058900015927,
        0.30992232773489403,
        0.25370813942598464,
        0.3042513472133231,
        0.2543907309094395,
        0.2320895646365604,
        0.22036358695868588,
        0.27235477749316606,
        0.24923925696651952,
        0.2871567320689247,
        0.2363704949090591,
        0.21744980937719596,
        0.19441424094002305,
        0.1933710662936366,
        0.23209454901239424,
        0.18850158145159843,
        0.2847053293140799,
        0.23657950328890612,
        0.18300977140184846
    ],
    "val_mse_scaled": [
        1.2831256706906002,
        1.2831298474169224,
        1.2815435717034203,
        1.2864609304646542,
        1.288564361154004,
        1.2863584209783678,
        1.2870710247952957,
        1.291324345428063,
        1.2881016860746088,
        1.2878499661662406,
        1.2887201025557935,
        1.2891636975937841,
        1.2953384702747328,
        1.2933647338640801,
        1.300616892896341,
        1.2944939510545679,
        1.2897742347413441,
        1.301309541745015,
        1.306710893250804,
        1.2811306039971793,
        1.3297117954247253,
        1.2859013336784566,
        1.2831162633885997,
        1.3058421310136128,
        1.2837532177590762,
        1.2645715963688768,
        1.5227838723491929,
        1.2580273045651635,
        1.336524294980336,
        1.435674737762706,
        1.27608664866972,
        1.3539951650980642,
        1.3740105564291063,
        1.5616753662433174,
        1.4983629338363949,
        1.5734070142557504,
        1.7905710534560644,
        1.9767222558673951,
        1.9565958733570192,
        1.603922098428396,
        1.6478816997165973,
        1.6257980128913563,
        1.658200521015979,
        1.9173517013020296,
        1.4064355772499744,
        1.390674569197032,
        1.3829422959918907,
        1.3658646423287029,
        1.4274080642592912,
        1.6786194361404576,
        1.7198516219465585,
        1.8641331630844669,
        1.4842717322530623,
        1.6495317741499738,
        1.9320725837688708,
        1.6469208188843163,
        1.7447271213000337,
        1.8503209776334246,
        1.5847765560054892,
        1.539381927419468,
        1.492918845425808,
        1.9537946847873418,
        1.6275789729367804,
        1.4485735749171469,
        1.582264839026339,
        1.4160758530166542,
        1.7498477592002488,
        2.435096653021784
    ],
    "train_mse_price": [
        0.00018302009742627692,
        0.00018260579322061828,
        0.00018154135411010305,
        0.000178728915756385,
        0.0001751522381498303,
        0.00017015962214465268,
        0.00016474681366673234,
        0.0001593403595615589,
        0.0001557681529971059,
        0.00014918608758066328,
        0.00014426824218851026,
        0.0001384106084988932,
        0.00013306231201211217,
        0.00012727075510626665,
        0.00012473225324546283,
        0.0001191622970433273,
        0.00011597419872044957,
        0.00011400881475738002,
        0.00011439741738909901,
        0.00011431188245220012,
        0.00011214247451048739,
        0.00011102848902695495,
        0.0001054470766139582,
        0.00010146487662018384,
        9.879037621283054e-05,
        9.571799694702665e-05,
        9.181564557996835e-05,
        8.767252237238916e-05,
        8.461010998534482e-05,
        8.544725365987736e-05,
        8.01968797100291e-05,
        7.620078882018512e-05,
        7.737776589670814e-05,
        7.835701095966857e-05,
        7.497435117565361e-05,
        7.515242079993654e-05,
        7.963888967490865e-05,
        6.824221258101299e-05,
        6.009211709874561e-05,
        5.968871145171975e-05,
        6.847412021846058e-05,
        5.8610644764181305e-05,
        5.306587154639285e-05,
        4.9960153165899746e-05,
        5.111160002348661e-05,
        5.308020534121344e-05,
        5.516876360266592e-05,
        5.3924094522027616e-05,
        5.301387566216686e-05,
        5.7981791136869353e-05,
        5.592755102155963e-05,
        4.578332552209804e-05,
        5.490418386140175e-05,
        4.590650378355433e-05,
        4.1882109497277954e-05,
        3.976607859262093e-05,
        4.91482361841178e-05,
        4.497688630018532e-05,
        5.181934730194794e-05,
        4.2654632118732875e-05,
        3.924026824773908e-05,
        3.508334646109811e-05,
        3.4895098429331584e-05,
        4.188300900578077e-05,
        3.401636749408294e-05,
        5.1376974752576294e-05,
        4.26923492237274e-05,
        3.302533372624966e-05
    ],