{
    "epoch": [
        1,
        2,
        3,
        4,
        5,
        6,
        7,
        8,
        9,
        10,
        11,
        12,
        13,
        14,
        15,
        16,
        17,
        18,
        19,
        20,
        21,
        22,
        23,
        24,
        25,
        26,
        27,
        28,
        29,
        30,
        31,
        32,
        33,
        34,
        35,
        36,
        37,
        38,
        39,
        40,
        41,
        42,
        43,
        44,
        45,
        46,
        47,
        48,
        49,
        50,
        51,
        52,
        53,
        54,
        55,
        56,
        57,
        58,
        59,
        60,
        61,
        62,
        63,
        64,
        65,
        66,
        67,
        68,
        69,
        70
    ],
    "train_mse_scaled": [
        0.24616289138793945,
        0.21884171664714813,
        0.1932421624660492,
        0.1692955642938614,
        0.14840126037597656,
        0.1276661604642868,
        0.10671176761388779,
        0.0891985148191452,
        0.07134098559617996,
        0.05730950087308884,
        0.045042846351861954,
        0.035705115646123886,
        0.027691246941685677,
        0.02261432074010372,
        0.018537137657403946,
        0.016101619228720665,
        0.014516719616949558,
        0.012785506434738636,
        0.011989261023700237,
        0.01116669736802578,
        0.010643002577126026,
        0.010112916119396687,
        0.009672104381024837,
        0.009256432764232159,
        0.008864353410899639,
        0.00853294599801302,
        0.008215844631195068,
        0.007871672511100769,
        0.007608796935528517,
        0.007226476911455393,
        0.006947163492441177,
        0.006697055418044329,
        0.006422126200050116,
        0.006220093462616205,
        0.005962118972092867,
        0.005739851854741573,
        0.005518918391317129,
        0.00531586492434144,
        0.005090093705803156,
        0.004914026241749525,
        0.0047233207151293755,
        0.0045753708109259605,
        0.004445703234523535,
        0.0042720818892121315,
        0.00421626353636384,
        0.0040042162872850895,
        0.00390152377076447,
        0.0037947460077703,
        0.00367887900210917,
        0.00358275487087667,
        0.0034895387943834066,
        0.003523451741784811,
        0.003258192678913474,
        0.00321578374132514,
        0.003222238039597869,
        0.0030895802192389965,
        0.0029985688161104918,
        0.002971678739413619,
        0.0029344598297029734,
        0.002877649152651429,
        0.002890686970204115,
        0.0027640557382255793,
        0.0028495551086962223,
        0.0027518197894096375,
        0.0027428139001131058,
        0.002730974229052663,
        0.002702493453398347,
        0.002630010712891817,
        0.0026241899468004704,
        0.0025689173489809036
    ],
    "val_mse_scaled": [
        0.013192779384553432,
        0.010807493701577187,
        0.008684149011969566,
        0.006836204323917627,
        0.005107156932353973,
        0.0036962595768272877,
        0.002733500674366951,
        0.0020256396383047104,
        0.001713970210403204,
        0.0016435374272987247,
        0.0018490038346499205,
        0.0023116632364690304,
        0.002796186599880457,
        0.003293372457846999,
        0.0036498853005468845,
        0.0037002211902290583,
        0.0041012950241565704,
        0.004040703643113375,
        0.0040665315464138985,
        0.0038459552451968193,
        0.0037318156100809574,
        0.0036342281382530928,
        0.00341215543448925,
        0.0032721052411943674,
        0.0031334254890680313,
        0.002926531247794628,
        0.002760116010904312,
        0.0026486054994165897,
        0.002464902587234974,
        0.0024022706784307957,
        0.0023263120092451572,
        0.002216868568211794,
        0.0021540564484894276,
        0.0020826919935643673,
        0.002048530150204897,
        0.002039838582277298,
        0.0020262841135263443,
        0.002029824536293745,
        0.0020478900987654924,
        0.002087011933326721,
        0.00213276082649827,
        0.002183512318879366,
        0.002254418795928359,
        0.0023362194187939167,
        0.0024313591420650482,
        0.002488641766831279,
        0.002588164061307907,
        0.002704306272789836,
        0.0028681179974228144,
        0.002968753455206752,
        0.0031175948679447174,
        0.003441841108724475,
        0.0034329649060964584,
        0.003657143097370863,
        0.0037387623451650143,
        0.004054021555930376,
        0.0040666572749614716,
        0.004231004510074854,
        0.004421002697199583,
        0.00441253837198019,
        0.004727487917989492,
        0.00476225558668375,
        0.0047884355299174786,
        0.005074744112789631,
        0.005389935337007046,
        0.005215032957494259,
        0.005442868918180466,
        0.00555800087749958,
        0.005783078260719776,
        0.005706723313778639
    ],
    "train_mse_price": [
        59.87025833129883,
        53.225364685058594,
        46.99919509887695,
        41.175052642822266,
        36.093257904052734,
        31.05019760131836,
        25.95379638671875,
        21.6943302154541,
        17.351123809814453,
        13.938471794128418,
        10.955049514770508,
        8.68398380279541,
        6.734899997711182,
        5.500119209289551,
        4.508491516113281,
        3.9161391258239746,
        3.530670166015625,
        3.1096136569976807,
        2.915956735610962,
        2.7158970832824707,
        2.588526964187622,
        2.4596025943756104,
        2.352391481399536,
        2.251293182373047,
        2.1559345722198486,
        2.0753324031829834,
        1.9982084035873413,
        1.9145010709762573,
        1.8505661487579346,
        1.7575805187225342,
        1.6896474361419678,
        1.6288174390792847,
        1.5619510412216187,
        1.512813687324524,
        1.4500709772109985,
        1.3960120677947998,
        1.3422785997390747,
        1.2928930521011353,
        1.2379820346832275,
        1.1951602697372437,
        1.1487778425216675,
        1.1127941608428955,
        1.0812571048736572,
        1.039029836654663,
        1.025454044342041,
        0.9738814234733582,
        0.9489051103591919,
        0.9229351282119751,
        0.8947553038597107,
        0.8713763952255249,
        0.84870445728302,
        0.8569523692131042,
        0.7924380898475647,
        0.7821236252784729,
        0.7836936116218567,
        0.7514290809631348,
        0.7292941212654114,
        0.7227539420127869,
        0.7137017250061035,
        0.6998843550682068,
        0.7030552625656128,
        0.6722570061683655,
        0.6930516362190247,
        0.6692808270454407,
        0.6670908331871033,
        0.6642107963562012,
        0.657284140586853,
        0.6396552920341492,
        0.6382394433021545,
        0.6247968673706055
    ],