{
    "epoch": [
        1,
        2,
        3,
        4,
        5,
        6,
        7,
        8,
        9,
        10,
        11,
        12,
        13,
        14,
        15,
        16,
        17,
        18,
        19,
        20,
        21,
        22,
        23,
        24,
        25,
        26,
        27,
        28,
        29,
        30,
        31,
        32,
        33,
        34,
        35,
        36,
        37,
        38,
        39,
        40,
        41
    ],
    "train_mse_scaled": [
        1.0119598595301202,
        0.9986882952122439,
        0.9825216344334017,
        0.9525991703351088,
        0.9249495244619259,
        0.8963808663670484,
        0.8781621497370353,
        0.83463123225037,
        0.8021211789469253,
        0.7689386148729299,
        0.7439086655838161,
        0.699614530874849,
        0.6578644250370844,
        0.6253591400175068,
        0.6557766911412152,
        0.633324814873051,
        0.64748152992118,
        0.639955273980453,
        0.5569814166271672,
        0.5351685688242953,
        0.49402709945548284,
        0.4827859897714619,
        0.46179961329827146,
        0.4468685488748855,
        0.4754440706372374,
        0.48908968373459133,
        0.43176351707561467,
        0.42126820238616103,
        0.3606343613373818,
        0.4083598748510621,
        0.3521685614627082,
        0.4086315382182563,
        0.364804432140734,
        0.3429798661536591,
        0.25619151467189083,
        0.2544796000441414,
        0.23054116324000876,
        0.2393643776387016,
        0.2651504171908231,
        0.2881870078103594,
        0.34050293760106
    ],
    "val_mse_scaled": [
        0.8678574908494039,
        0.8884774618559627,
        0.891344101010383,
        0.9135305824277636,
        0.9076453947079874,
        0.9312030005967245,
        0.9419576154860596,
        0.9888663861263642,
        1.0504561589377073,
        1.0233599223474112,
        0.9633983201537586,
        0.9506477236564199,
        0.956490749106776,
        0.9472103854322296,
        1.1053295727156534,
        1.071670732375174,
        0.9078287790381672,
        0.9306173640686141,
        1.0155264801838852,
        1.0602878913850873,
        1.0054046204850937,
        0.975596652632633,
        1.2841725242901878,
        1.1490786041688876,
        1.3268826825839755,
        1.180961440140471,
        1.2833425539127068,
        1.3558576374511735,
        1.317240384352492,
        1.1727454705396667,
        1.2150299373539524,
        1.0563605594381023,
        1.1614945114796194,
        1.2933182617231909,
        1.2551056951087958,
        1.5872009381526788,
        1.2002538436706975,
        1.2659760129978308,
        1.0679627937990097,
        1.6068074423086587,
        1.0146044070774782
    ],
    "train_mse_price": [
        0.0006634215679245682,
        0.0006547209737063426,
        0.000644122426397737,
        0.0006245058208178152,
        0.0006063792348567106,
        0.0005876501778295772,
        0.000575706338182663,
        0.000547168294003872,
        0.0005258553256680688,
        0.0005041014690125628,
        0.0004876923264324932,
        0.0004586539205561519,
        0.0004312833453451784,
        0.0004099735070966464,
        0.00042991467631382123,
        0.00041519564620809966,
        0.0004244765216081152,
        0.0004195424610108661,
        0.00036514638149430924,
        0.00035084629339911835,
        0.0003238747320109941,
        0.00031650526418228143,
        0.00030274700387446777,
        0.00029295848853544453,
        0.00031169204874123785,
        0.00032063785267606135,
        0.0002830559132008169,
        0.000276175391094215,
        0.00023642500008057724,
        0.0002677129362115713,
        0.00023087497949812928,
        0.0002678910305534115,
        0.00023915881688987085,
        0.00022485104773780536,
        0.00016795426581660156,
        0.00016683196273631007,
        0.00015113838266680112,
        0.00015692271465206546,
        0.00017382754662807672,
        0.00018892989955924868,
        0.00022322722246284054
    ],
    "val_mse_price": [
        0.0005689508023836522,
        0.0005824688361539932,
        0.0005843481630270198,
        0.0005988932054983731,
        0.0005950349746048048,
        0.0006104788994686345,
        0.0006175294394123216,
        0.0006482819168285934,
        0.0006886590015476276,
        0.0006708951953423651,
        0.000631585534372271,
        0.000623226502317256,
        0.0006270570539961127,
        0.0006209730379296928,
        0.0007246329547743234,
        0.0007025668437775864,
        0.0005951552089706872,
        0.0006100949765231731,
        0.0006657597330304058,
        0.0006951044521756676,
        0.000659124061937743,
        0.0006395825445974667,
        0.0008418789650871892,
        0.0007533139565396211,
        0.000869878924027295,
        0.0007742157600783214,
        0.0008413348878326121,
        0.0008888744020748811,
        0.0008635576110817533,
        0.0007688295004273979,
        0.0007965504563831347,
        0.0006925298037769226,
        0.0007614536243802104,
        0.0008478747218954524,
        0.0008228232976785962,
        0.0010405385951557896,
        0.0007868635190036224,
        0.0008299497122529463,
        0.0007001360216727678,
        0.001053392225859612,
        0.0006651552663415572
    ],
    "train_mae_price": [
        0.0174887869387307,
        0.01746615142187993,
        0.01729782508503268,
        0.017016239897813198,
        0.016717546285166633,
        0.016466413620113363,
        0.016395680350647746,
        0.015894106649943927,
        0.015645722064152115,
        0.015349662838187401,
        0.015126709845564246,
        0.014727709688884738,
        0.01437194713220347,
        0.014062038721933358,
        0.014504739999744436,
        0.01399493403145084,
        0.014311494378410805,
        0.014390926296223714,
        0.013624096475068613,
        0.01306166058842399,
        0.012722903521285394,
        0.012119674082445025,
        0.011917604401808496,
        0.011749610695408072,
        0.012802679728583682,
        0.012362694034796002,
        0.011504954308481159,
        0.011808226477188759,
        0.010835846010177915,
        0.011011791372178252,
        0.010626348370887337,
        0.012043283208049718,
        0.011479274474242046,
        0.01066405045224702,
        0.009277864408372602,
        0.008966736857648342,
        0.008817049696024027,
        0.009146697446986977,
        0.009446056100043057,
        0.010139728074773015,
        0.010669180717729593
    ],
    "val_mae_price": [
        0.01662099831729482,
        0.01670771966012139,
        0.01674412665653724,
        0.017088145000998926,
        0.016982585011270205,
        0.017436111398943497,
        0.01764431939370006,
        0.01815705200746018,
        0.01882463964506818,
        0.018511693150041256,
        0.017951937752755012,
        0.01782575181860282,
        0.017799504792261205,
        0.017731239235855803,
        0.01947424858080943,
        0.01855558744730701,
        0.017369272456135895,
        0.01902853795443115,
        0.018640970521069947,
        0.018430105804341117,
        0.017736838222072372,
        0.01890974293032384,
        0.022084069353305105,
        0.020540870814330044,
        0.022041419625037674,
        0.022241876235897764,
        0.02175754123624546,
        0.02155117563589936,
        0.021253015658206,
        0.02074054783793909,
        0.02089288804389411,
        0.019710296556169852,
        0.02057622784716452,
        0.021176736887937662,
        0.020840743241888483,
        0.022652253123381642,
        0.020673806466202888,
        0.020724944395666522,
        0.019001726074897342,
        0.023528229363899658,
        0.019198894056824227
    ],