{
    "epoch": [
        1,
        2,
        3,
        4,
        5,
        6,
        7,
        8,
        9,
        10,
        11,
        12,
        13,
        14,
        15,
        16,
        17,
        18,
        19,
        20,
        21,
        22,
        23,
        24,
        25,
        26,
        27,
        28,
        29,
        30,
        31,
        32,
        33,
        34,
        35,
        36,
        37,
        38,
        39,
        40,
        41,
        42,
        43,
        44
    ],
    "train_mse_scaled": [
        1.017476512780067,
        1.0511008277680343,
        1.0223568681920034,
        0.9924090490849413,
        0.9771369967110118,
        0.960791713237326,
        0.9289096408105245,
        0.9252286876945843,
        0.8996068496419938,
        0.8871597135024214,
        0.8720901781721956,
        0.8671539567983559,
        0.846703800968001,
        0.8717971536546084,
        0.8577059014365968,
        0.8116935941525978,
        0.8642770188932274,
        0.8218641912400702,
        0.8149017623683178,
        0.7865251879062836,
        0.7820265309478368,
        0.7823176089740793,
        0.7474679527079111,
        0.7426149523388925,
        0.7262320190617033,
        0.7168885621356604,
        0.6950376555273423,
        0.6777043361087862,
        0.6526076404254194,
        0.6583862763418686,
        0.7464900207252148,
        0.6684106962601296,
        0.6465123180231906,
        0.6181262400950439,
        0.5914488311765144,
        0.581008256371066,
        0.5692480837071482,
        0.5662340501592363,
        0.537130163940075,
        0.5119059204893531,
        0.5274739185838482,
        0.5021059397080399,
        0.48190689090416694,
        0.5123299732904352
    ],
    "val_mse_scaled": [
        1.2912157009634557,
        1.3824990846007712,
        1.3257162637711455,
        1.2907043475030562,
        1.4548169225916705,
        1.477985118643471,
        1.5035059306892142,
        1.296108276725957,
        1.3127886906540367,
        1.3830702396755217,
        1.4136949194655772,
        1.338542078911785,
        1.386007276755179,
        1.6191980161468476,
        1.477139514747133,
        1.4421549487659273,
        1.5660054132754486,
        1.744220667774038,
        1.78857154843788,
        1.6581066565009794,
        1.4990225990691068,
        1.7536391733034002,
        1.6563076961085186,
        1.4436596260638908,
        1.6153932971302576,
        1.6315717007636257,
        1.664942862379605,
        1.3644382889615372,
        1.4812096966753974,
        1.4222181845796205,
        1.9483636569104068,
        1.3600764663994098,
        1.4307392680981843,
        1.3830072943167198,
        1.547510592139632,
        1.4831611647556024,
        1.4669861650425797,
        1.469337467687212,
        1.626862560166046,
        1.358250481470379,
        1.5210721329477535,
        1.6041225538784571,
        1.7923547834133418,
        1.6344114448743643
    ],
    "train_mse_price": [
        0.00018361042120358193,
        0.0001896781526304528,
        0.00018449111260597165,
        0.00017908682937551695,
        0.0001763308860480179,
        0.00017338127088830437,
        0.0001676279385159984,
        0.00016696368607411964,
        0.00016234005647058246,
        0.00016009388591725426,
        0.00015737448773168428,
        0.00015648371449753862,
        0.00015279334678146192,
        0.00015732160911485592,
        0.00015477874861107434,
        0.00014647552311160874,
        0.00015596455193038277,
        0.0001483108741860728,
        0.00014705445703557841,
        0.00014193371508653443,
        0.00014112190315233042,
        0.00014117443024239451,
        0.0001348855757374184,
        0.00013400982045921485,
        0.00013105341059954233,
        0.00012936732165368375,
        0.0001254241798986519,
        0.0001222962665844039,
        0.00011776740099600558,
        0.00011881019299281218,
        0.0001347091012261048,
        0.00012061916763006191,
        0.00011666745899871274,
        0.00011154500271303144,
        0.00010673088551477879,
        0.00010484681482395179,
        0.00010272461271804622,
        0.00010218071030273364,
        9.692871928204128e-05,
        9.237683623995968e-05,
        9.518618684952539e-05,
        9.060836589364723e-05,
        8.696331185851373e-05,
        9.245335952457082e-05
    ],
    "val_mse_price": [
        0.0002330084818503517,
        0.0002494811713200443,
        0.00023923434492097143,
        0.0002329162092687887,
        0.00026253141377953086,
        0.00026671227732562156,
        0.000271317660633661,
        0.00023389137792822698,
        0.00023690147061746565,
        0.0002495842470213645,
        0.0002551106755990409,
        0.00024154884615909292,
        0.000250114261274019,
        0.0002921950846655676,
        0.0002665596776764273,
        0.0002602464739366511,
        0.000282596115416585,
        0.00031475625581681155,
        0.00032275966320785223,
        0.0002992164049675125,
        0.0002705086286838781,
        0.0003164558826811449,
        0.00029889177189153086,
        0.00026051800368520617,
        0.00029150848627314317,
        0.000294427991109135,
        0.0003004500385564844,
        0.0002462219919225173,
        0.0002672941662123372,
        0.00025664874922482953,
        0.00035159521846040245,
        0.00024543486716992587,
        0.0002581864400309097,
        0.000249572877979001,
        0.00027925860060401656,
        0.00026764632552567057,
        0.00026472744367357794,
        0.0002651517503264201,
        0.0002935782016325242,
        0.0002451053470304497,
        0.00027448761644391936,
        0.0002894746104586756,
        0.00032344237687566784,
        0.00029494044142549456
    ],
    "train_mae_price": [
        0.00967284540040655,
        0.009797048362791364,
        0.009665016013170128,
        0.009484648513987188,
        0.009410147955373918,
        0.009404717126042085,
        0.009243281296656353,
        0.009227280326285668,
        0.009137610107852075,
        0.009068983136952691,
        0.0090842320503222,
        0.00909675742956065,
        0.009004820108743235,
        0.009186344275712709,
        0.009067621216675259,
        0.008863379972242104,
        0.00921084871561473,
        0.008941908339032894,
        0.008937056669033992,
        0.00870141203271526,
        0.008717550815697674,
        0.00875126837452676,
        0.00861647893854716,
        0.008543814652929305,
        0.008479513798616362,
        0.008393139622820324,
        0.008388570718239034,
        0.008263059661679503,
        0.008109027629985933,
        0.008173425369875231,
        0.008605445657412775,
        0.008151040658226688,
        0.00802832387078122,
        0.0078359149378621,
        0.007779937921850049,
        0.007675262346513271,
        0.0075937594512971995,
        0.007567643324421007,
        0.007398538552442369,
        0.007185511802218919,
        0.007291722691020138,
        0.007044796123510164,
        0.0070343361073456545,
        0.007087999203387384
    ],