{
    "epoch": [
        1,
        2,
        3,
        4,
        5,
        6,
        7,
        8,
        9,
        10,
        11,
        12,
        13,
        14,
        15,
        16,
        17,
        18,
        19,
        20,
        21,
        22,
        23,
        24,
        25,
        26,
        27,
        28,
        29,
        30,
        31,
        32,
        33,
        34,
        35,
        36,
        37,
        38,
        39,
        40,
        41,
        42,
        43,
        44,
        45,
        46,
        47,
        48,
        49,
        50,
        51,
        52,
        53,
        54,
        55,
        56,
        57,
        58,
        59,
        60,
        61,
        62,
        63,
        64,
        65,
        66,
        67,
        68,
        69,
        70,
        71,
        72,
        73,
        74,
        75,
        76,
        77,
        78,
        79,
        80,
        81,
        82
    ],
    "train_mse_scaled": [
        0.10212282836437225,
        0.10028062015771866,
        0.0988980308175087,
        0.09736724197864532,
        0.09615910798311234,
        0.09504485130310059,
        0.0937640592455864,
        0.09257789701223373,
        0.09166792780160904,
        0.0905313640832901,
        0.08942104876041412,
        0.08831031620502472,
        0.08718482404947281,
        0.08603615313768387,
        0.08456747978925705,
        0.08331800252199173,
        0.08179180324077606,
        0.08027507364749908,
        0.07863802462816238,
        0.07677849382162094,
        0.07481511682271957,
        0.07305660098791122,
        0.07065664976835251,
        0.06868787109851837,
        0.06584729999303818,
        0.06367325037717819,
        0.06055309250950813,
        0.05777323991060257,
        0.05445004627108574,
        0.05136827379465103,
        0.047461748123168945,
        0.04399435967206955,
        0.04034591093659401,
        0.036821912974119186,
        0.033534906804561615,
        0.03008565865457058,
        0.026944702491164207,
        0.02352350950241089,
        0.021090224385261536,
        0.01820768602192402,
        0.015766644850373268,
        0.01368588674813509,
        0.011907854117453098,
        0.010378357954323292,
        0.008816475979983807,
        0.007840440608561039,
        0.006770459469407797,
        0.005992909427732229,
        0.005388524383306503,
        0.004894763231277466,
        0.004431372974067926,
        0.004189644940197468,
        0.0038390837144106627,
        0.003614529501646757,
        0.0034354308154433966,
        0.003233615541830659,
        0.003088998142629862,
        0.002951774513348937,
        0.0028317184187471867,
        0.0027289469726383686,
        0.0025997660122811794,
        0.0025081869680434465,
        0.00239889626391232,
        0.0023064040578901768,
        0.002259961562231183,
        0.0021647317335009575,
        0.0020859576761722565,
        0.0019720320124179125,
        0.0018818045500665903,
        0.0018192071001976728,
        0.0017419088399037719,
        0.0016797551652416587,
        0.001621240982785821,
        0.0015621150378137827,
        0.0015051740920171142,
        0.0014443777035921812,
        0.001371347694657743,
        0.0013470615958794951,
        0.0012993132695555687,
        0.0012440477730706334,
        0.0012062281602993608,
        0.0011783343506976962
    ],
    "val_mse_scaled": [
        0.001610764185898006,
        0.0014573107473552227,
        0.0013129519065842032,
        0.0011957327369600534,
        0.0010851859115064144,
        0.0009831832721829414,
        0.0008952941279858351,
        0.0008170700166374445,
        0.0007328254287131131,
        0.0006653305608779192,
        0.0006058316212147474,
        0.0005499243852682412,
        0.0005009369342587888,
        0.00045262768981046975,
        0.000415509392041713,
        0.0003806276945397258,
        0.0003511728427838534,
        0.0003267444553785026,
        0.0003072329855058342,
        0.0002951134229078889,
        0.00028873042901977897,
        0.0002875023055821657,
        0.00029190187342464924,
        0.0003049126244150102,
        0.0003196158795617521,
        0.00035126658622175455,
        0.0003835785901173949,
        0.0004332230018917471,
        0.0004916016478091478,
        0.0005708576645702124,
        0.000651878654025495,
        0.0007479169871658087,
        0.0008553586667403579,
        0.0009553423151373863,
        0.0011143218725919724,
        0.001273367553949356,
        0.0014370972057804465,
        0.0015730198938399553,
        0.0017794548766687512,
        0.001940426416695118,
        0.002092334209010005,
        0.002218112349510193,
        0.002396930707618594,
        0.0025609780568629503,
        0.002667271066457033,
        0.002798832254484296,
        0.0028667375445365906,
        0.002905485685914755,
        0.002957128919661045,
        0.002997861709445715,
        0.0029685194604098797,
        0.002988947555422783,
        0.0029496585484594107,
        0.0028885360807180405,
        0.002814578590914607,
        0.002799226902425289,
        0.00274471752345562,
        0.0026781302876770496,
        0.002620691666379571,
        0.0025400365702807903,
        0.0024387063458561897,
        0.0023699833545833826,
        0.0022721048444509506,
        0.0021952928509563208,
        0.0020834121387451887,
        0.002055430319160223,
        0.0019446148071438074,
        0.0018777329241856933,
        0.0018250655848532915,
        0.0017718630842864513,
        0.0016984723042696714,
        0.0016342640155926347,
        0.0015670987777411938,
        0.0014998476253822446,
        0.0014713967684656382,
        0.0014151014620438218,
        0.0013435137225314975,
        0.0012749757152050734,
        0.0012539103627204895,
        0.0012016809778288007,
        0.001145372400060296,
        0.001087909215129912
    ],