{
    "epoch": [
        1,
        2,
        3,
        4,
        5,
        6,
        7,
        8,
        9,
        10,
        11,
        12,
        13,
        14,
        15,
        16,
        17,
        18,
        19,
        20,
        21,
        22,
        23,
        24,
        25,
        26,
        27,
        28,
        29,
        30,
        31,
        32,
        33,
        34,
        35,
        36,
        37,
        38,
        39,
        40,
        41,
        42,
        43,
        44,
        45,
        46,
        47,
        48,
        49,
        50,
        51,
        52
    ],
    "train_mse_scaled": [
        1.0262828635761727,
        0.9968345004075715,
        0.9852334410576166,
        0.964753606052855,
        0.9528644334073839,
        0.9356160211244089,
        0.9664761246321528,
        0.9386570081919637,
        0.8958822623749328,
        0.8600475028842479,
        0.8843222014165364,
        0.9129439684826569,
        0.8531080756864763,
        0.8806627782610468,
        0.8782474454860106,
        0.8266749735453897,
        0.8505461949831996,
        0.852123713177219,
        0.8103215606510236,
        0.7854848491335027,
        0.7641346407284583,
        0.77380696309711,
        0.8081840575469513,
        0.7030995568283194,
        0.6763605806168728,
        0.7518104343188439,
        0.7564085326234338,
        0.7177268982121537,
        0.7032801438126548,
        0.6635253380983865,
        0.6910512003820456,
        0.7703607645868588,
        0.7228001103502839,
        0.6609985432763729,
        0.598105794632775,
        0.6247880878974725,
        0.5736417250383432,
        0.5855605270722781,
        0.5933546798414309,
        0.58807506760661,
        0.5473736792754701,
        0.5243011600475785,
        0.5192495625637307,
        0.4955649410770686,
        0.5313803155874476,
        0.5296193522670216,
        0.49267398223945075,
        0.5045725488389855,
        0.5138415756553968,
        0.43871567356316427,
        0.45384321623568935,
        0.4381375204020051
    ],
    "val_mse_scaled": [
        0.8910106910278466,
        0.9112899597133107,
        0.9469547321350547,
        0.9241060565915677,
        0.9980082855730031,
        1.0476669119777329,
        0.9257788328420877,
        0.9003769406279809,
        0.9000546246111648,
        0.9511082667472343,
        1.1432126964461462,
        0.8767944371443613,
        0.9389527447593327,
        1.0258374048023073,
        1.1508128656018444,
        0.9470818250108726,
        0.965507541626441,
        1.2672897108433792,
        1.1186580538177133,
        1.195927287897995,
        1.3227002427167742,
        1.3484662617282503,
        1.2717536848049293,
        0.9868601491825058,
        0.9980169318553705,
        1.0998118253544187,
        1.1038423473313428,
        1.1841935406041573,
        1.0947645793617435,
        1.1228874935934479,
        1.0298181808242448,
        1.2008348411320946,
        0.9411280592019886,
        0.9768504576701651,
        1.0591546388907143,
        0.9259036044128991,
        1.0503060849861448,
        1.1489713042862535,
        1.1092294546906487,
        1.0077743653038431,
        1.2003087105583221,
        0.9608803732536706,
        1.0240741732003908,
        1.06604277786951,
        0.9660728526471828,
        1.0616916402046068,
        1.134260587305107,
        1.158382273043991,
        1.0917401132464875,
        1.0867981362187913,
        1.170329359857043,
        1.0387712326029521
    ],
    "train_mse_price": [
        0.0006728114465627098,
        0.000653505661976534,
        0.000645900228365905,
        0.0006324740437893926,
        0.0006246797223483271,
        0.0006133719955048412,
        0.0006336032909557647,
        0.0006153656108060276,
        0.00058732330867082,
        0.0005638307146117234,
        0.0005797447540267531,
        0.0005985086297521665,
        0.0005592813630711954,
        0.0005773456972780122,
        0.0005757622628774429,
        0.0005419523174163412,
        0.0005576018467174091,
        0.000558636028050931,
        0.0005312313402597588,
        0.0005149488720374518,
        0.0005009520724548658,
        0.0005072930605698322,
        0.0005298300280801809,
        0.00046093862973018714,
        0.00044340907267087347,
        0.0004928725682707164,
        0.0004958869944616648,
        0.0004705280406881723,
        0.0004610570220667511,
        0.0004349945428774211,
        0.0004530399690677664,
        0.0005050337988459687,
        0.00047385394749480044,
        0.0004333380255059007,
        0.00039210672745685666,
        0.0004095991385036818,
        0.00037606855472947407,
        0.0003838822901633429,
        0.00038899199685271224,
        0.0003855307825222352,
        0.0003588477274249869,
        0.0003437218177076098,
        0.0003404100980979325,
        0.0003248829093370528,
        0.00034836278178539354,
        0.00034720832500212596,
        0.00032298765375572425,
        0.00033078812185823356,
        0.0003368647174414677,
        0.0002876136053909165,
        0.00029753094124064565,
        0.00028723459136294834
    ],
    "val_mse_price": [
        0.00058412959940222,
        0.0005974242698849953,
        0.0006208054501272726,
        0.0006058262877109278,
        0.0006542751993079527,
        0.0006868304571551974,
        0.0006069229233634141,
        0.0005902699260237056,
        0.0005900586196727407,
        0.0006235283931946962,
        0.0007494684129777982,
        0.000574809668808541,
        0.0006155594988172297,
        0.0006725193952273512,
        0.0007544509641416234,
        0.000620888785408665,
        0.0006329683010932839,
        0.0008308109790947179,
        0.0007333708543708443,
        0.0007840270418076941,
        0.0008671370163483252,
        0.0008840287580126187,
        0.0008337374079577045,
        0.0006469666628415266,
        0.0006542808259138866,
        0.0007210156196762374,
        0.0007236579539103157,
        0.0007763346631746407,
        0.000717706753406219,
        0.000736143586513312,
        0.0006751291307344789,
        0.0007872443991242489,
        0.0006169855711293435,
        0.0006404044838409449,
        0.0006943615548781335,
        0.0006070046973256709,
        0.0006885606018406503,
        0.0007532436423087059,
        0.0007271896480985427,
        0.0006606776214939935,
        0.0007868994813729109,
        0.0006299347910529822,
        0.000671363476433111,
        0.0006988772910731362,
        0.0006333389066360926,
        0.0006960247695355474,
        0.0007435995362532999,
        0.0007594133015766012,
        0.0007157239658395185,
        0.0007124840954050189,
        0.0007672455687478186,
        0.0006809985834815489
    ],