{
    "epoch": [
        1,
        2,
        3,
        4,
        5,
        6,
        7,
        8,
        9,
        10,
        11,
        12,
        13,
        14,
        15,
        16,
        17,
        18,
        19,
        20,
        21,
        22,
        23,
        24,
        25,
        26,
        27,
        28,
        29,
        30,
        31,
        32,
        33,
        34,
        35,
        36,
        37,
        38,
        39,
        40,
        41,
        42,
        43,
        44
    ],
    "train_mse_scaled": [
        0.03091900537452228,
        0.010594694503804908,
        0.008352109217921004,
        0.007804691974273324,
        0.007559592137888481,
        0.007431173249552883,
        0.007351589630045252,
        0.0072760630439200275,
        0.007225380807016609,
        0.00720542474345335,
        0.00721456886137588,
        0.007238333550641763,
        0.007252491704956621,
        0.007253817845940882,
        0.007253225646163232,
        0.00723525778314167,
        0.007186542340369388,
        0.007130954099185861,
        0.007068635031993756,
        0.007005804515683272,
        0.0069542618081065,
        0.006911488864538428,
        0.006877535540288485,
        0.006848296654341831,
        0.006823867520846854,
        0.006803964022851087,
        0.006779529889244787,
        0.006758936982636233,
        0.006739201909335206,
        0.006719959117731004,
        0.006701506003048002,
        0.006684026192701196,
        0.006668356096644882,
        0.006666519135317379,
        0.006646668361645561,
        0.006635667538827928,
        0.0066269226341907125,
        0.006619433185832748,
        0.0066228206016625026,
        0.006627874339674344,
        0.0066456733500111186,
        0.006625784147995181,
        0.006622075091835999,
        0.0066079937066269604
    ],
    "val_mse_scaled": [
        0.011121237661961091,
        0.010700249049990137,
        0.010639893541277829,
        0.010635461174670346,
        0.010635803329217975,
        0.01063753548183228,
        0.010642627442043211,
        0.010737571924929091,
        0.011029073374224223,
        0.011588192461225931,
        0.012336071363333978,
        0.013099657622948385,
        0.013814122964405729,
        0.014458364706118129,
        0.015012208444927802,
        0.015400838635785652,
        0.015544787264991693,
        0.015550185556113396,
        0.015360970102956782,
        0.015151510021069153,
        0.014965302800838657,
        0.01481154351781615,
        0.014697550622468598,
        0.014615788771224348,
        0.014560624384042726,
        0.014549430416987417,
        0.014521406653896968,
        0.014509656439338277,
        0.014509434493718975,
        0.014515952433672524,
        0.014526392742033547,
        0.014541416690052407,
        0.014557563518818645,
        0.014774793297782795,
        0.014682294381441627,
        0.014666199295720342,
        0.014722277297704454,
        0.014700100887088717,
        0.01471904808993779,
        0.014745625562491716,
        0.014754997032838788,
        0.014777821974441767,
        0.0147743785606256,
        0.014779009223806804
    ],
    "train_mse_price": [
        0.000929394554819648,
        0.000318465979556427,
        0.00025105609312866357,
        0.00023460127517012765,
        0.00022723381844413264,
        0.000223373675134421,
        0.00022098147039229101,
        0.0002187112165991243,
        0.00021718775893685055,
        0.00021658789949017464,
        0.00021686276310749154,
        0.0002175771053306507,
        0.0002180026863658528,
        0.00021804254903872827,
        0.00021802474674655157,
        0.00021748465205853303,
        0.0002160203139061293,
        0.00021434938672517154,
        0.00021247613808011707,
        0.00021058751464418692,
        0.00020903819187138186,
        0.0002077524791319769,
        0.00020673187679805743,
        0.0002058529844183311,
        0.00020511866859635583,
        0.00020452038959415495,
        0.0002037859246632782,
        0.00020316692246889897,
        0.00020257370503336163,
        0.00020199528612850894,
        0.00020144060339086564,
        0.00020091517809017265,
        0.00020044415101435565,
        0.00020038893392198813,
        0.00019979223871823492,
        0.00019946156410101845,
        0.00019919870070701063,
        0.00019897357779389576,
        0.0001990753985197356,
        0.00019922730963547482,
        0.00019976232968304264,
        0.00019916448039790596,
        0.00019905298994775416,
        0.00019862971672098464
    ],
    "val_mse_price": [
        0.00033429333281477557,
        0.0003216388340645193,
        0.0003198246101757475,
        0.00031969137463173675,
        0.00031970166068310526,
        0.0003197537270093181,
        0.00031990678717681614,
        0.00032276072335621646,
        0.0003315229654414313,
        0.000348329529128747,
        0.00037081002620144434,
        0.0003937626694923257,
        0.00041523879497189746,
        0.0004346040551571784,
        0.00045125204861690474,
        0.0004629338841800527,
        0.0004672608424888992,
        0.0004674231106571677,
        0.00046173547563198287,
        0.00045543931993342364,
        0.0004498421184557617,
        0.00044522026200106236,
        0.0004417937525345216,
        0.00043933606872474646,
        0.00043767788664634194,
        0.00043734140360718164,
        0.0004364990362562177,
        0.0004361458382105602,
        0.0004361391688476911,
        0.00043633509098931687,
        0.0004366489226306392,
        0.00043710051850699916,
        0.0004375858804774063,
        0.00044411559159494493,
        0.0004413351663166957,
        0.0004408513637779008,
        0.00044253701012461806,
        0.0004418704103615696,
        0.00044243994378259514,
        0.00044323883491824905,
        0.00044352053345445225,
        0.00044420663101840663,
        0.0004441031287600199,
        0.0004442423189616848
    ],
    "train_mae_price": [
        0.017743146837352952,
        0.012458872898582411,
        0.011399176573736531,
        0.011021226532076425,
        0.010799049116115855,
        0.010681456794066381,
        0.010601608011615379,
        0.010524686950384705,
        0.010464566149601695,
        0.010441890732078728,
        0.010443912620836977,
        0.010459532753798321,
        0.010488129799739782,
        0.010543397651575324,
        0.010589751241107859,
        0.010582060235519865,
        0.01054569650313367,
        0.010476863364051396,
        0.01041237972065017,
        0.010342191535972458,
        0.01028768713040427,
        0.010241444362591728,
        0.010201806165019508,
        0.010166093224147145,
        0.01014033099527563,
        0.010116329042726352,
        0.010096896127075563,
        0.010079514642569658,
        0.010062963137830163,
        0.01004838848703921,
        0.010037636448191625,
        0.010026951117330022,
        0.010017028363586512,
        0.009996901770980554,
        0.010007765711622825,
        0.01000811288497556,
        0.009998118316284749,
        0.01000572108953182,
        0.010028511263266917,
        0.010050711316730592,
        0.010086381803612238,
        0.010067198602414755,
        0.010067216780502668,
        0.010054649322616174
    ],