{
    "epoch": [
        1,
        2,
        3,
        4,
        5,
        6,
        7,
        8,
        9,
        10,
        11,
        12,
        13,
        14,
        15,
        16,
        17,
        18,
        19,
        20,
        21,
        22,
        23,
        24,
        25,
        26,
        27,
        28,
        29,
        30,
        31,
        32,
        33,
        34,
        35,
        36,
        37,
        38,
        39,
        40,
        41,
        42,
        43,
        44,
        45,
        46,
        47,
        48,
        49,
        50,
        51,
        52
    ],
    "train_mse_scaled": [
        0.03549038052614366,
        0.01064150867481374,
        0.0069895988299603935,
        0.005960936382661283,
        0.005567062115463854,
        0.005391757573779545,
        0.005308456153610244,
        0.0053001628455374376,
        0.005285527131686487,
        0.005282695230010835,
        0.005293933258000883,
        0.0052887335798384736,
        0.005285045162588347,
        0.005283975833197258,
        0.005277212019994737,
        0.0052662484239621105,
        0.005259317777356533,
        0.00524621749918453,
        0.005232442646085144,
        0.005217592412221126,
        0.005205957238640762,
        0.005192050153211384,
        0.005178252733946734,
        0.005164220740151538,
        0.005151507851954669,
        0.00513899116746486,
        0.005126103440977958,
        0.005115211007737993,
        0.005102043465134969,
        0.005089035579743708,
        0.0050765326765913514,
        0.0050658686944891835,
        0.005052287937578895,
        0.005041505028145066,
        0.005028745840333789,
        0.00501584133860713,
        0.005002628915471606,
        0.0049891606893078515,
        0.004975843388542817,
        0.004963009714245728,
        0.004950000950433857,
        0.004935718841860255,
        0.004923653415599519,
        0.004910646592531577,
        0.004897869216969889,
        0.004884750044960768,
        0.004871396245710553,
        0.004858947235275708,
        0.004846791841314133,
        0.004832474207006657,
        0.004820188906220349,
        0.0048084651863546475
    ],
    "val_mse_scaled": [
        0.003439312983928744,
        0.0031988706201104833,
        0.0029932493032022835,
        0.002868014647177919,
        0.0027840641897540763,
        0.0027271293017236075,
        0.0027070322360751575,
        0.002668313081192075,
        0.002651822136692772,
        0.002654040217532838,
        0.0026371158816015593,
        0.002632361735510358,
        0.0026345870700936304,
        0.0026378710185113617,
        0.002641525216240126,
        0.0026462463405984237,
        0.0026496322628439374,
        0.0026534032927552076,
        0.002659008762904591,
        0.0026630460441829486,
        0.0026686553586121155,
        0.002673308459556445,
        0.0026801172726186985,
        0.0026821794455279325,
        0.0026911481274105586,
        0.0026923183473359646,
        0.002698584928751835,
        0.0026962164977886614,
        0.00270282696546289,
        0.002706260879086031,
        0.0027075541218014366,
        0.0027117576174099157,
        0.0027129811062248876,
        0.002713663932283872,
        0.002722747910586065,
        0.0027218278355206848,
        0.0027342846937386867,
        0.002740738110873231,
        0.002746256632435262,
        0.0027615889285542037,
        0.002771810367284644,
        0.0027794524905393027,
        0.0028010689709375924,
        0.0028210344041241344,
        0.002835867362299105,
        0.002853979543509766,
        0.0028750828465064606,
        0.002893576490845995,
        0.0029009611332298847,
        0.0029197465093034223,
        0.002938317210958985,
        0.0029489245772140295
    ],
    "train_mse_price": [
        0.0023431806512435394,
        0.0007025840935360551,
        0.0004614741376210871,
        0.00039355877330125584,
        0.0003675540176984897,
        0.0003559798907921346,
        0.00035048008316958956,
        0.0003499325352926275,
        0.00034896624126412796,
        0.00034877927133737923,
        0.00034952123941923356,
        0.00034917794171519546,
        0.0003489344210555547,
        0.00034886382072205784,
        0.00034841725423305763,
        0.00034769340576502373,
        0.00034723582088157863,
        0.00034637090126900255,
        0.00034546144601295295,
        0.00034448098783746296,
        0.000343712801794521,
        0.00034279461282755677,
        0.000341883665799763,
        0.000340957231972176,
        0.0003401178893214048,
        0.0003392914997707813,
        0.0003384406138721424,
        0.0003377214634905155,
        0.00033685210218184795,
        0.0003359932816797995,
        0.0003351678054810469,
        0.0003344637352886712,
        0.00033356709551372117,
        0.0003328551733642182,
        0.00033201277442725444,
        0.00033116078107254637,
        0.0003302884586889854,
        0.0003293992446279285,
        0.00032851999781001174,
        0.0003276726795997643,
        0.00032681380241627564,
        0.00032587085496654496,
        0.00032507425935436205,
        0.00032421551070050184,
        0.00032337190949264356,
        0.00032250574254657496,
        0.00032162408532924124,
        0.0003208021644873118,
        0.0003199996298399503,
        0.000319054336959016,
        0.00031824322331255536,
        0.0003174691906246852
    ],
    "val_mse_price": [
        0.0002270736845022549,
        0.0002111989627326824,
        0.0001976232331198006,
        0.0001893548696205661,
        0.00018381220875269755,
        0.00018005320088431426,
        0.00017872633278376044,
        0.00017616997947634232,
        0.0001750811963647247,
        0.00017522764195444446,
        0.00017411024523639065,
        0.0001737963650569488,
        0.00017394328815547618,
        0.00017416010382537557,
        0.00017440136534088864,
        0.00017471306902208222,
        0.00017493661602440767,
        0.00017518559035251412,
        0.00017555568145872542,
        0.00017582223492336742,
        0.0001761925785121096,
        0.00017649979132998672,
        0.00017694932754859803,
        0.0001770854798521512,
        0.00017767761856521093,
        0.00017775488042644203,
        0.0001781686195455996,
        0.00017801224780549259,
        0.00017844869079090798,
        0.00017867540838883639,
        0.00017876079222643905,
        0.00017903831909203382,
        0.00017911909777434425,
        0.00017916417867597416,
        0.00017976393100033706,
        0.0001797031851354201,
        0.00018052562510163732,
        0.00018095169843820083,
        0.00018131604647752397,
        0.0001823283321452528,
        0.00018300318327124388,
        0.00018350773834766777,
        0.0001849349221627866,
        0.00018625309978319884,
        0.00018723241432633324,
        0.0001884282355794755,
        0.00018982153766569334,
        0.00019104254534851433,
        0.00019153009948158072,
        0.00019277036858524616,
        0.00019399645972650647,
        0.00019469679099076028
    ],