{
    "epoch": [
        1,
        2,
        3,
        4,
        5,
        6,
        7,
        8,
        9,
        10,
        11,
        12,
        13,
        14,
        15,
        16,
        17,
        18,
        19,
        20,
        21,
        22,
        23,
        24,
        25,
        26,
        27,
        28,
        29,
        30,
        31,
        32,
        33,
        34,
        35,
        36,
        37,
        38,
        39,
        40,
        41,
        42,
        43,
        44
    ],
    "train_mse_scaled": [
        0.033804871245983636,
        0.008327872598182351,
        0.006637168498945126,
        0.0058110664265386015,
        0.00534477257812063,
        0.005176589680152427,
        0.005091420616980269,
        0.005055310658950968,
        0.005044306974573835,
        0.005048997976768343,
        0.00504019411965709,
        0.0050308643039446085,
        0.005031038886526132,
        0.005024005278856347,
        0.005015301933659984,
        0.00501416516237174,
        0.0050092356955977295,
        0.005006895532665449,
        0.004999407809641261,
        0.004995977350863509,
        0.004992429951130263,
        0.004990996109054077,
        0.004989379905185246,
        0.0049874962710301516,
        0.004986421254542456,
        0.004985398900956384,
        0.0049848740767823784,
        0.004984427331724852,
        0.004984117357431542,
        0.004983936944773302,
        0.004983860305594037,
        0.004983924475520378,
        0.004983701128218825,
        0.004983442600303568,
        0.00498341498305617,
        0.004983195541569894,
        0.0049829292576485,
        0.004983134054639631,
        0.0049826808666892436,
        0.00498240260901175,
        0.00498218498850479,
        0.004981956698111779,
        0.004981806080084545,
        0.004981568576399595
    ],
    "val_mse_scaled": [
        0.0031571734186755405,
        0.0031377187191477416,
        0.0029495234820103634,
        0.002815253601156087,
        0.002905328107212357,
        0.002843039442983297,
        0.0028971937862777965,
        0.002922924920579206,
        0.002890722925890543,
        0.003012193216101533,
        0.0030337816241978732,
        0.003017851210274014,
        0.0029844518714362777,
        0.0030227422230165945,
        0.0029402637346637285,
        0.0030227964504039306,
        0.002998440632813626,
        0.0030304249755266355,
        0.003026773506675973,
        0.0030315267756556795,
        0.003030005200810049,
        0.0030248530415761367,
        0.0030208053977777926,
        0.0030186925210130442,
        0.0030152827732145226,
        0.0030129684124014953,
        0.0030114423214433472,
        0.0030107989043897552,
        0.0030097824337873115,
        0.0030106030793390025,
        0.0030098071322680387,
        0.003010656178802451,
        0.00300915687959642,
        0.003009312337579617,
        0.003008513006098035,
        0.0030081660433332047,
        0.003010311755353756,
        0.0030082436258716872,
        0.0030068663829226684,
        0.0030062396950057747,
        0.0030058995326601944,
        0.003005593525780981,
        0.0030049526651986015,
        0.0030043672755862617
    ],
    "train_mse_price": [
        0.0022318983041814534,
        0.0005498309499315469,
        0.0004382056321712877,
        0.0003836639094667376,
        0.0003528778010333616,
        0.00034177386515817147,
        0.00033615075088585763,
        0.0003337666621970892,
        0.0003330401682892837,
        0.0003333498805712024,
        0.00033276862725513954,
        0.00033215264291977433,
        0.0003321641674357018,
        0.0003316997872819717,
        0.0003311251708573993,
        0.00033105011308649606,
        0.0003307246602185194,
        0.0003305701564751727,
        0.00033007579104861944,
        0.0003298493055567132,
        0.00032961509075426067,
        0.0003295204250517781,
        0.00032941371978255384,
        0.00032928935598264063,
        0.0003292183817231412,
        0.0003291508833928033,
        0.00032911622851393776,
        0.0003290867373453993,
        0.0003290662712802543,
        0.0003290543597794376,
        0.0003290492972918846,
        0.00032905353523329084,
        0.00032903879128591925,
        0.00032902171951067145,
        0.00032901990002720506,
        0.0003290054122133913,
        0.0003289878262321463,
        0.0003290013534878237,
        0.00032897142507068596,
        0.00032895306011756625,
        0.00032893868917681536,
        0.00032892361862452607,
        0.0003289136763645685,
        0.0003288979954658202
    ],
    "val_mse_price": [
        0.00020844598754969488,
        0.0002071615309283667,
        0.00019473632434169474,
        0.0001858714262894324,
        0.0001918184163239934,
        0.00018770593091847746,
        0.00019128136283023646,
        0.00019298020823683163,
        0.00019085413808271924,
        0.00019887396867265478,
        0.00020029930026795351,
        0.0001992475239509652,
        0.0001970424029815331,
        0.00019957044578733908,
        0.00019412497161421156,
        0.00019957402459022715,
        0.00019796598099208924,
        0.0002000776837293398,
        0.00019983660056367442,
        0.00020015042580626762,
        0.0002000499684116825,
        0.00019970980690527787,
        0.0001994425700987379,
        0.00019930306961170508,
        0.00019907795038848094,
        0.00019892515135078908,
        0.0001988243896712205,
        0.0001987819139641957,
        0.0001987147998152792,
        0.00019876898195672984,
        0.0001987164345548592,
        0.00019877248701672372,
        0.00019867350138509575,
        0.00019868376378508307,
        0.00019863099129755103,
        0.0001986080814632004,
        0.00019874974624893376,
        0.0001986132047103907,
        0.0001985222757965415,
        0.0001984808986017491,
        0.00019845844175620664,
        0.0001984382394989942,
        0.0001983959239904176,
        0.00019835727543116607
    ],
    "train_mae_price": [
        0.027784565409291705,
        0.01625066389236116,
        0.01472360400569189,
        0.013667172978245956,
        0.01301148407116188,
        0.012795880398556416,
        0.012657773784789992,
        0.012632045636253449,
        0.012622537319386692,
        0.012626370380045429,
        0.012612328092971655,
        0.012604198662702003,
        0.012603623085076263,
        0.01259210628524902,
        0.012571576507808364,
        0.012564801790800446,
        0.012555475227600758,
        0.012548913520412115,
        0.012538603416606805,
        0.012528088684028313,
        0.012522188734313927,
        0.012516578183711866,
        0.012512197458759812,
        0.01250880481763479,
        0.012505167753146865,
        0.012502330594890384,
        0.012500998997839368,
        0.012499484954458585,
        0.012498800234934977,
        0.012498854519671221,
        0.012497987724575985,
        0.012497706608734052,
        0.012497408714594453,
        0.012496968141331805,
        0.01249658820948059,
        0.012495912730537018,
        0.01249560492679948,
        0.012496290137213545,
        0.01249472424698592,
        0.012494104091873317,
        0.012493458635539832,
        0.01249291262879372,
        0.012492566578257015,
        0.012491887737283157
    ],