{
    "epoch": [
        1,
        2,
        3,
        4,
        5,
        6,
        7,
        8,
        9,
        10,
        11,
        12,
        13,
        14,
        15,
        16,
        17,
        18,
        19,
        20,
        21,
        22,
        23,
        24,
        25,
        26,
        27,
        28,
        29,
        30,
        31,
        32,
        33,
        34,
        35,
        36,
        37,
        38,
        39,
        40,
        41,
        42,
        43,
        44,
        45,
        46,
        47,
        48,
        49,
        50,
        51,
        52,
        53,
        54,
        55,
        56,
        57,
        58
    ],
    "train_mse_scaled": [
        0.0009704166441224515,
        0.0007591168396174908,
        0.0007223517750389874,
        0.0006679522921331227,
        0.0006099794991314411,
        0.0005416871863417327,
        0.0004597424413077533,
        0.0003610120329540223,
        0.00027982331812381744,
        0.00019639522361103445,
        0.00014014801126904786,
        0.00011008050933014601,
        9.235835750587285e-05,
        8.010117016965523e-05,
        7.522313535446301e-05,
        7.193652709247544e-05,
        6.453546666307375e-05,
        6.125734944362193e-05,
        5.8410547353560105e-05,
        5.4540098062716424e-05,
        5.197868813411333e-05,
        5.318355033523403e-05,
        4.975797492079437e-05,
        4.8720507038524374e-05,
        4.874799196841195e-05,
        4.7095600166358054e-05,
        4.243578587193042e-05,
        4.4675591198028997e-05,
        4.194716166239232e-05,
        4.164062920608558e-05,
        3.743336856132373e-05,
        3.758564707823098e-05,
        3.962939081247896e-05,
        3.612396176322363e-05,
        3.767433008761145e-05,
        3.834863309748471e-05,
        3.6591758544091135e-05,
        3.939451926271431e-05,
        3.5757533623836935e-05,
        3.8980440876912326e-05,
        3.6731398722622544e-05,
        3.6386612919159234e-05,
        3.6577985156327486e-05,
        3.696167914313264e-05,
        3.529793684720062e-05,
        3.554629802238196e-05,
        3.559159813448787e-05,
        3.5351364203961566e-05,
        3.4170629078289494e-05,
        3.612754153436981e-05,
        3.5145531001035124e-05,
        3.3514403185108677e-05,
        3.432710946071893e-05,
        3.3995238482020795e-05,
        3.343727803439833e-05,
        3.200887294951826e-05,
        3.396263491595164e-05,
        3.335053042974323e-05
    ],
    "val_mse_scaled": [
        0.0003937642031814903,
        0.00037003730540163815,
        0.00035518972435966134,
        0.0003229276917409152,
        0.00029628255288116634,
        0.00026504279230721295,
        0.00022835923300590366,
        0.00018607263336889446,
        0.000160506708198227,
        0.00012036566477036104,
        0.00010113690223079175,
        8.547981269657612e-05,
        7.15400165063329e-05,
        9.99889598460868e-05,
        4.8397847422165796e-05,
        3.901421223417856e-05,
        2.8255795768927783e-05,
        2.7340724045643583e-05,
        1.8314627595827915e-05,
        1.5089547559909988e-05,
        1.2803550816897769e-05,
        1.0567059689492453e-05,
        9.271042472391855e-06,
        1.3209700227889698e-05,
        1.0307144293619785e-05,
        1.0428456334921066e-05,
        1.1362133591319434e-05,
        9.153080100077204e-06,
        1.1110080777143594e-05,
        1.0128893336514011e-05,
        1.1706417353707366e-05,
        1.1138137779198587e-05,
        1.6791189409559593e-05,
        9.639170457376167e-06,
        1.421898377884645e-05,
        1.0665222362149507e-05,
        1.4807042134634685e-05,
        1.3019705875194632e-05,
        1.3412050975603051e-05,
        1.1855840966745745e-05,
        1.4503999409498647e-05,
        1.440277264919132e-05,
        1.3947953448223416e-05,
        1.4788545740884729e-05,
        1.3533547644328792e-05,
        1.3565140761784278e-05,
        1.2762336154992227e-05,
        1.3590624803327955e-05,
        1.228944347531069e-05,
        1.2703628271992784e-05,
        1.2824403711420018e-05,
        1.2768446140398737e-05,
        1.3031578419031575e-05,
        1.2254955436219461e-05,
        1.3593597941508051e-05,
        1.4355939129018225e-05,
        1.9789637008216232e-05,
        1.1763144357246347e-05
    ],
    "train_mse_price": [
        48962.72265625,
        38301.515625,
        36446.51953125,
        33701.77734375,
        30776.736328125,
        27331.025390625,
        23196.46875,
        18214.9921875,
        14118.5869140625,
        9909.1923828125,
        7071.21875,
        5554.15185546875,
        4659.97412109375,
        4041.533935546875,
        3795.410888671875,
        3629.583740234375,
        3256.16064453125,
        3090.76171875,
        2947.126220703125,
        2751.84130859375,
        2622.60400390625,
        2683.3955078125,
        2510.55712890625,
        2458.2109375,
        2459.59765625,
        2376.225830078125,
        2141.113037109375,
        2254.123779296875,
        2116.459228515625,
        2100.993408203125,
        1888.7142333984375,
        1896.3974609375,
        1999.515380859375,
        1822.6475830078125,
        1900.8721923828125,
        1934.8944091796875,
        1846.2503662109375,
        1987.664794921875,
        1804.1597900390625,
        1966.7724609375,
        1853.29638671875,
        1835.8997802734375,
        1845.555419921875,
        1864.915283203125,
        1780.9703369140625,
        1793.50146484375,
        1795.786865234375,
        1783.6658935546875,
        1724.0916748046875,
        1822.828125,
        1773.28076171875,
        1690.9815673828125,
        1731.9869384765625,
        1715.2421875,
        1687.08984375,
        1615.0194091796875,
        1713.59716796875,
        1682.713623046875
    ],
    "val_mse_price": [
        19867.515625,
        18670.3671875,
        17921.22265625,
        16293.4326171875,
        14949.0400390625,
        13372.826171875,
        11521.947265625,
        9388.3603515625,
        8098.421875,
        6073.09375,
        5102.89892578125,
        4312.9140625,
        3609.577880859375,
        5044.9794921875,
        2441.9306640625,
        1968.4759521484375,
        1425.65625,
        1379.4857177734375,
        924.0709838867188,
        761.3486938476562,
        646.0077514648438,
        533.164794921875,
        467.7738342285156,
        666.5001831054688,
        520.0506591796875,
        526.1714477539062,
        573.2805786132812,
        461.8219299316406,
        560.5631103515625,
        511.05694580078125,
        590.6513061523438,
        561.978759765625,
        847.2054443359375,
        486.3477478027344,
        717.4238891601562,
        538.1175537109375,
        747.094482421875,
        656.9140014648438,
        676.7098999023438,
        598.1907348632812,
        731.8043823242188,
        726.6971435546875,
        703.7490844726562,
        746.161376953125,
        682.83984375,
        684.4339599609375,
        643.92822265625,
        685.7198486328125,
        620.0682983398438,
        640.966064453125,
        647.0599365234375,
        644.2364501953125,
        657.5130615234375,
        618.3283081054688,
        685.8699340820312,
        724.3341064453125,
        998.4931640625,
        593.5136108398438
    ],