{
    "epoch": [
        1,
        2,
        3,
        4,
        5,
        6,
        7,
        8,
        9,
        10,
        11,
        12,
        13,
        14,
        15,
        16,
        17,
        18,
        19,
        20,
        21,
        22,
        23,
        24,
        25,
        26,
        27,
        28,
        29,
        30,
        31,
        32,
        33,
        34,
        35,
        36,
        37,
        38,
        39,
        40,
        41,
        42,
        43,
        44,
        45,
        46,
        47,
        48,
        49,
        50,
        51,
        52,
        53,
        54,
        55,
        56,
        57,
        58,
        59,
        60,
        61,
        62,
        63,
        64
    ],
    "train_mse_scaled": [
        0.01842723563546309,
        0.007764104460698959,
        0.006494700645774977,
        0.006281174297251337,
        0.006366002340251464,
        0.006322047525899163,
        0.006169306219091964,
        0.005931471038041005,
        0.0058777994436973015,
        0.00562615802688335,
        0.005610761420738694,
        0.005476560024977413,
        0.005383762659039118,
        0.0053367143076817405,
        0.005268401004347965,
        0.005223125735125123,
        0.005194725319360967,
        0.005181731749536463,
        0.005239969435582145,
        0.00522925680364696,
        0.0051179281305988415,
        0.0051183037806580714,
        0.005060183933347826,
        0.005248169102070252,
        0.005127171911464065,
        0.005050309479759639,
        0.005035944866405102,
        0.005027328570579065,
        0.005022899605596046,
        0.005023783439479486,
        0.004994824010283488,
        0.004984557300099322,
        0.004991796342456439,
        0.004973991691159483,
        0.004974418071833081,
        0.004957154025308724,
        0.0049430779642670565,
        0.004927736199515359,
        0.004922907076777882,
        0.004905949658060875,
        0.004891667224330023,
        0.004875170598425518,
        0.004858672233950365,
        0.00484419061201119,
        0.004829809921414145,
        0.004815858108424109,
        0.0048018771470792095,
        0.004788826876657069,
        0.004778047067661092,
        0.00473848383054424,
        0.00476559910212853,
        0.0047543309472963865,
        0.004744919783355377,
        0.004734736598673816,
        0.004727328524683092,
        0.004717689675759404,
        0.004708629000247412,
        0.004699365638797448,
        0.004689352581041109,
        0.004679628730797798,
        0.0046725148063834175,
        0.004664390300909385,
        0.004648428911768223,
        0.004618253529108964
    ],
    "val_mse_scaled": [
        0.0033320017983411,
        0.004541353099115852,
        0.0051839712111075185,
        0.004418119811828092,
        0.010012745395261114,
        0.003835102574621274,
        0.00404973626326921,
        0.003711189255585623,
        0.003630473807747592,
        0.0030426582302126803,
        0.0034430046070667688,
        0.0032701036481421752,
        0.0030722555650443796,
        0.002928915413051891,
        0.0028417235366438474,
        0.002830664539633432,
        0.002784928285298349,
        0.002788466046853344,
        0.005111661675179136,
        0.0027197892248961965,
        0.0029264157149729185,
        0.002828559287044996,
        0.0037795645287502567,
        0.00262574483046496,
        0.0028787715132954973,
        0.00287288733498513,
        0.0028461651872603968,
        0.0028771556389636022,
        0.002888143187954206,
        0.0028838475682452904,
        0.002910594296213276,
        0.0029242781100023763,
        0.002672767501392137,
        0.002925754229731581,
        0.002874483860561483,
        0.0028468643506874614,
        0.0028284928673470875,
        0.0028158396720851632,
        0.0029252682379253157,
        0.002902401533354748,
        0.0028959706706974233,
        0.002909018445561884,
        0.0029011560019824856,
        0.0028865131022038247,
        0.0028708001298824114,
        0.0028437966792139945,
        0.0028244406180892414,
        0.0028089812264934454,
        0.002791411034993985,
        0.0027308144230843824,
        0.0027536942043923317,
        0.0027543840112983276,
        0.002755372246418375,
        0.0027495845175920406,
        0.002736609992601302,
        0.0027300901656559518,
        0.0027255285314964793,
        0.0027232455900538357,
        0.002724788402355216,
        0.0027407212947622383,
        0.002737762809258015,
        0.0027295659603169043,
        0.0027380468856790683,
        0.0027065617610819714
    ],
    "train_mse_price": [
        0.001216620962999752,
        0.0005126093024091199,
        0.0004287994756041734,
        0.0004147018333047868,
        0.0004203024300700073,
        0.0004174004059775698,
        0.00040731596992658176,
        0.0003916133803590765,
        0.0003880698231921983,
        0.0003714557131208012,
        0.0003704391803049247,
        0.00036157880374734525,
        0.000355452044282032,
        0.00035234577065676996,
        0.00034783552211109005,
        0.0003448463182713978,
        0.00034297123420854326,
        0.0003421133610359894,
        0.00034595838484049844,
        0.000345251107446336,
        0.0003379008546519983,
        0.00033792565889566073,
        0.0003340884107454384,
        0.0003464997550186599,
        0.0003385111578991234,
        0.0003334364720308716,
        0.0003324880750385183,
        0.0003319192023025524,
        0.0003316267893626101,
        0.00033168514267052103,
        0.00032977315522883554,
        0.000329095315866293,
        0.0003295732584763449,
        0.0003283977416396554,
        0.0003284258940279243,
        0.00032728606966817735,
        0.0003263567246809603,
        0.0003253438179522205,
        0.0003250249841096385,
        0.0003239054058511391,
        0.00032296243689457666,
        0.0003218732801668127,
        0.0003207840091743129,
        0.0003198278881188907,
        0.00031887843237754667,
        0.00031795729279666664,
        0.000317034226381779,
        0.00031617260954109656,
        0.00031546089394782385,
        0.000312848813371614,
        0.00031463904312983783,
        0.0003138950859363266,
        0.00031327373133481756,
        0.0003126014086087801,
        0.0003121123060413839,
        0.00031147592146008865,
        0.00031087770792382843,
        0.0003102661137795046,
        0.0003096050215808985,
        0.0003089630226949203,
        0.0003084933412984603,
        0.0003079569366844272,
        0.00030690311828004865,
        0.00030491084853733055
    ],