{
    "epoch": [
        1,
        2,
        3,
        4,
        5,
        6,
        7,
        8,
        9,
        10,
        11,
        12,
        13,
        14,
        15,
        16,
        17,
        18,
        19,
        20,
        21,
        22,
        23,
        24,
        25,
        26,
        27,
        28,
        29,
        30,
        31,
        32,
        33,
        34,
        35,
        36,
        37,
        38,
        39,
        40,
        41,
        42,
        43,
        44,
        45,
        46,
        47,
        48,
        49,
        50,
        51,
        52,
        53,
        54,
        55,
        56,
        57,
        58,
        59,
        60,
        61,
        62,
        63,
        64,
        65,
        66,
        67
    ],
    "train_mse_scaled": [
        0.12163005024194717,
        0.1129050999879837,
        0.10573350638151169,
        0.1004343181848526,
        0.09563978761434555,
        0.0918072983622551,
        0.08835365623235703,
        0.08512149751186371,
        0.0808524340391159,
        0.07557092607021332,
        0.07061993330717087,
        0.0665123388171196,
        0.06167374923825264,
        0.05836084857583046,
        0.053776297718286514,
        0.05022890493273735,
        0.04651537165045738,
        0.04310908913612366,
        0.03974561765789986,
        0.03725230693817139,
        0.03484911471605301,
        0.03246480971574783,
        0.030630767345428467,
        0.02907671220600605,
        0.027602797374129295,
        0.02639801613986492,
        0.025466591119766235,
        0.024358799681067467,
        0.02353699691593647,
        0.02271484211087227,
        0.022304655984044075,
        0.02147170715034008,
        0.02088475413620472,
        0.02042127028107643,
        0.019904503598809242,
        0.01945243962109089,
        0.01904211938381195,
        0.01843070611357689,
        0.018085496500134468,
        0.017704587429761887,
        0.017250249162316322,
        0.01692640595138073,
        0.016390329226851463,
        0.01607350818812847,
        0.01567806676030159,
        0.01528493594378233,
        0.014876310713589191,
        0.014571582898497581,
        0.014237974770367146,
        0.013785617426037788,
        0.013615438714623451,
        0.013081085868179798,
        0.012917332351207733,
        0.012392568401992321,
        0.012145482935011387,
        0.011756964027881622,
        0.011421343311667442,
        0.011050688102841377,
        0.010655121877789497,
        0.010229520499706268,
        0.009910411201417446,
        0.009538835845887661,
        0.009204953908920288,
        0.00878475047647953,
        0.008375284262001514,
        0.008043001405894756,
        0.007526621222496033
    ],
    "val_mse_scaled": [
        0.003090600948780775,
        0.0019468568498268723,
        0.0012258810456842184,
        0.0007323941681534052,
        0.0004175812064204365,
        0.000245098170125857,
        0.00017240455781575292,
        0.0001763763721100986,
        0.0003328857128508389,
        0.0006391591159626842,
        0.0010152952745556831,
        0.0016226335428655148,
        0.0022270306944847107,
        0.003197073470801115,
        0.004068640060722828,
        0.005048515275120735,
        0.006322123110294342,
        0.007684183772653341,
        0.008599315769970417,
        0.010235787369310856,
        0.011706852354109287,
        0.012697845697402954,
        0.01390605978667736,
        0.015140737406909466,
        0.01582508720457554,
        0.017006147652864456,
        0.018292326480150223,
        0.018758179619908333,
        0.019398588687181473,
        0.01951834373176098,
        0.020369507372379303,
        0.02023014798760414,
        0.020220212638378143,
        0.02061457186937332,
        0.021013066172599792,
        0.02119687758386135,
        0.021144166588783264,
        0.020604483783245087,
        0.020501423627138138,
        0.01987239345908165,
        0.01993587054312229,
        0.020082877948880196,
        0.01968015730381012,
        0.019376248121261597,
        0.01881212368607521,
        0.018623467534780502,
        0.018188217654824257,
        0.01779777929186821,
        0.017271997407078743,
        0.01700606755912304,
        0.0170326866209507,
        0.016333797946572304,
        0.015920905396342278,
        0.015517788007855415,
        0.01514532882720232,
        0.014747830107808113,
        0.014360999688506126,
        0.014064345508813858,
        0.013481405563652515,
        0.012892857193946838,
        0.012566366232931614,
        0.012209505774080753,
        0.011631319299340248,
        0.011269744485616684,
        0.010729128494858742,
        0.010670858435332775,
        0.010105051100254059
    ],
    "train_mse_price": [
        558.4492797851562,
        518.389892578125,
        485.4623107910156,
        461.1318054199219,
        439.11834716796875,
        421.5218811035156,
        405.66497802734375,
        390.8247985839844,
        371.2239074707031,
        346.9745788574219,
        324.2427062988281,
        305.3832092285156,
        283.16741943359375,
        267.95660400390625,
        246.9072265625,
        230.6198272705078,
        213.56956481933594,
        197.9300537109375,
        182.48707580566406,
        171.0393829345703,
        160.00538635253906,
        149.05813598632812,
        140.63735961914062,
        133.50213623046875,
        126.73485565185547,
        121.20320892333984,
        116.92669677734375,
        111.84041595458984,
        108.06720733642578,
        104.2923812866211,
        102.40906524658203,
        98.58467102050781,
        95.8897705078125,
        93.76173400878906,
        91.38905334472656,
        89.31346130371094,
        87.42952728271484,
        84.62230682373047,
        83.03731536865234,
        81.2884292602539,
        79.20240020751953,
        77.71549224853516,
        75.25418853759766,
        73.79952239990234,
        71.98389434814453,
        70.17889404296875,
        68.302734375,
        66.90361785888672,
        65.37189483642578,
        63.294960021972656,
        62.51361846923828,
        60.06018829345703,
        59.308326721191406,
        56.898948669433594,
        55.76449203491211,
        53.980648040771484,
        52.439693450927734,
        50.73786163330078,
        48.92168426513672,
        46.96757888793945,
        45.5024299621582,
        43.796390533447266,
        42.26340866088867,
        40.33409881591797,
        38.45407485961914,
        36.92844772338867,
        34.557552337646484
    ],