{
    "epoch": [
        1,
        2,
        3,
        4,
        5,
        6,
        7,
        8,
        9,
        10,
        11,
        12,
        13,
        14,
        15,
        16,
        17,
        18,
        19,
        20,
        21,
        22,
        23,
        24,
        25,
        26,
        27,
        28,
        29,
        30,
        31,
        32,
        33,
        34,
        35,
        36,
        37,
        38,
        39,
        40,
        41,
        42,
        43,
        44,
        45,
        46,
        47,
        48,
        49,
        50,
        51,
        52,
        53,
        54,
        55,
        56,
        57,
        58,
        59,
        60,
        61,
        62,
        63,
        64,
        65,
        66
    ],
    "train_mse_scaled": [
        0.0010623722863138414,
        0.0005837117011860338,
        0.0004400031296683218,
        0.0002995723932773222,
        0.000200561302799039,
        0.0001370582335198672,
        0.00012330219930342757,
        9.565134362644679e-05,
        8.670719356809594e-05,
        8.712810039452132e-05,
        8.346355358843452e-05,
        8.85121270560605e-05,
        7.284092937833282e-05,
        6.89695933400064e-05,
        7.291353207716869e-05,
        7.68792720685754e-05,
        5.641518326590965e-05,
        6.049353093845844e-05,
        6.212445118870431e-05,
        5.0619268401198474e-05,
        5.9106434307660615e-05,
        4.951645914819848e-05,
        4.8109728412005466e-05,
        3.404249897164557e-05,
        4.7494709461264194e-05,
        4.746652987337941e-05,
        3.9065189566114345e-05,
        2.3101991045494867e-05,
        4.852970988528159e-05,
        2.661792305189272e-05,
        2.8218093107736815e-05,
        1.2724452750045195e-05,
        3.857117767801171e-05,
        2.270430626709666e-05,
        2.3477994813802908e-05,
        1.768574014017045e-05,
        1.8227644233163886e-05,
        8.867079808072431e-06,
        2.1207935581987762e-05,
        1.326569677019631e-05,
        4.106509895701949e-06,
        1.3574793861845533e-05,
        1.2518366045597587e-05,
        1.5715388812870896e-06,
        5.262901117651435e-06,
        1.4643291549033048e-05,
        5.6620505608259645e-06,
        1.789260009852021e-05,
        2.775008403639318e-06,
        9.277042214718006e-06,
        6.292903859049492e-06,
        1.531602749932102e-05,
        5.589523147651491e-06,
        6.333459466634773e-06,
        1.4662992102776531e-05,
        1.8184662733559184e-06,
        1.7651236294911657e-06,
        8.132597222953133e-06,
        9.370744914637759e-06,
        3.652331573397261e-06,
        1.4485903053649884e-05,
        7.3114780270849195e-06,
        1.6308127571866877e-06,
        1.378356608798072e-06,
        1.287774658158006e-06,
        9.667675893620343e-06
    ],
    "val_mse_scaled": [
        0.008697796903905344,
        0.007226358311735192,
        0.005409815559046421,
        0.00416134117438473,
        0.003048265915219632,
        0.0024624130945705694,
        0.0016898936213680022,
        0.001482979589552339,
        0.0009498608583253492,
        0.000831854587252853,
        0.0008341004510258717,
        0.0008116958866946181,
        0.0009692858736686975,
        0.0010008042941535606,
        0.0009750383647040996,
        0.0006527491485736069,
        0.0006860763182114173,
        0.000665862515347956,
        0.0005057954302946428,
        0.0006800094839480018,
        0.000578988270156894,
        0.0002889094234004682,
        0.0002391325680738405,
        0.0004891702116235234,
        0.00044437696885956415,
        0.00035375773449515074,
        0.00015052133739744747,
        0.00047268180019306835,
        0.00014708277067653497,
        6.728981791512984e-05,
        2.2951526694617337e-05,
        0.0003500374735326806,
        0.00015866602715860275,
        0.00011924346124526439,
        4.740332469226966e-06,
        6.187847845804715e-06,
        1.0610395494457969e-05,
        0.0001222634440389035,
        0.00012150234017538729,
        9.221921096810263e-07,
        6.792979781702035e-05,
        6.056967488232846e-05,
        1.5214430473127616e-06,
        4.700704398982871e-05,
        0.00012002169631743483,
        5.108413143124426e-05,
        5.145871311100091e-05,
        5.520294964300301e-06,
        9.482463321920137e-05,
        2.9928449113868184e-05,
        4.9962597931025385e-05,
        2.5805555467237684e-05,
        5.396552621851732e-05,
        3.4989391785245176e-05,
        1.1224486314420997e-06,
        9.594906608655748e-07,
        0.0001812241405935879,
        0.00010714009999685815,
        6.475995545089396e-06,
        0.0001649069583532071,
        1.687638373207875e-05,
        2.4221163389609355e-05,
        6.434009921958861e-05,
        7.980552087194747e-05,
        7.732625498288257e-05,
        4.1403939136504164e-07
    ],
    "train_mse_price": [
        620693238.0130348,
        521935505.22174865,
        547948941.7591627,
        620770589.2877822,
        684201074.5158365,
        760639050.4519701,
        750236926.4248407,
        824991493.942033,
        872245178.2763846,
        880713215.520376,
        911739044.8818656,
        877248243.6781231,
        991694204.6647618,
        930035323.2587539,
        925450029.5849011,
        825021055.5244373,
        973517371.4695497,
        915791467.8991768,
        824276852.3224075,
        971398857.5771672,
        930541724.631956,
        856466612.3484104,
        910558138.8209057,
        999471255.4494933,
        917923548.238595,
        930643052.5065333,
        851618870.0164326,
        998749056.9026641,
        809651212.6577585,
        919558591.4358124,
        909971740.1257209,
        1023078743.2494205,
        880015535.2983141,
        934101469.2903064,
        861074886.657655,
        939925106.6501274,
        915347418.7740941,
        1033878664.3796893,
        840609322.7334299,
        977981895.4152926,
        973781202.9804399,
        860341894.6261925,
        976349006.8365537,
        974607972.403522,
        895730958.3257996,
        961275265.6964341,
        1017320344.5600159,
        910737047.5669591,
        925299497.1836805,
        1037162066.4700093,
        889204176.6749636,
        1070074744.5998327,
        894642017.1530333,
        1023811305.0475308,
        919213164.8696803,
        951144009.1494273,
        923038582.6479869,
        951231967.8937769,
        1017703281.4019488,
        907154460.468358,
        1061092847.6590601,
        912642755.1542457,
        943448532.0338728,
        950830529.7855699,
        955671212.7014183,
        981628405.09066
    ],