{
    "epoch": [
        1,
        2,
        3,
        4,
        5,
        6,
        7,
        8,
        9,
        10,
        11,
        12,
        13,
        14,
        15,
        16,
        17,
        18,
        19,
        20,
        21,
        22,
        23,
        24,
        25,
        26,
        27,
        28,
        29,
        30,
        31,
        32,
        33,
        34,
        35,
        36,
        37,
        38,
        39,
        40,
        41,
        42,
        43,
        44,
        45,
        46,
        47,
        48,
        49,
        50,
        51,
        52,
        53,
        54,
        55,
        56,
        57,
        58,
        59,
        60,
        61,
        62,
        63,
        64,
        65,
        66,
        67,
        68,
        69
    ],
    "train_mse_scaled": [
        0.10451451689004898,
        0.04662371426820755,
        0.04343434050679207,
        0.04312828928232193,
        0.04294012114405632,
        0.042785532772541046,
        0.043779343366622925,
        0.04400599002838135,
        0.042960457503795624,
        0.046489518135786057,
        0.04317624494433403,
        0.04320660978555679,
        0.0423700250685215,
        0.04526575654745102,
        0.042355988174676895,
        0.04343567416071892,
        0.04253506287932396,
        0.042874258011579514,
        0.04227546975016594,
        0.042790453881025314,
        0.04275505617260933,
        0.0430450513958931,
        0.043107204139232635,
        0.04261254519224167,
        0.041988443583250046,
        0.04305759817361832,
        0.04203646257519722,
        0.04207637161016464,
        0.04394719749689102,
        0.04241478443145752,
        0.043645862489938736,
        0.0421576201915741,
        0.041580624878406525,
        0.04207604005932808,
        0.04205848649144173,
        0.04190083220601082,
        0.04180040955543518,
        0.0431940034031868,
        0.043499354273080826,
        0.047043364495038986,
        0.04200049862265587,
        0.041903264820575714,
        0.0426819808781147,
        0.04178262874484062,
        0.04185446724295616,
        0.04212992265820503,
        0.04198940843343735,
        0.04166877642273903,
        0.04153003171086311,
        0.04221046715974808,
        0.04228224977850914,
        0.04259762912988663,
        0.041476983577013016,
        0.04122543707489967,
        0.04273269698023796,
        0.04087558388710022,
        0.04184707999229431,
        0.04194193333387375,
        0.04363154247403145,
        0.04133315756917,
        0.041572459042072296,
        0.04090200737118721,
        0.04121789708733559,
        0.04292697086930275,
        0.04132488742470741,
        0.040946222841739655,
        0.0420512855052948,
        0.04114026203751564,
        0.04107857123017311
    ],
    "val_mse_scaled": [
        0.04824157804250717,
        0.01614399626851082,
        0.011388693004846573,
        0.0098652895539999,
        0.010505647398531437,
        0.010033659636974335,
        0.012730694375932217,
        0.009124062024056911,
        0.008846759796142578,
        0.01053539477288723,
        0.009735854342579842,
        0.01032427791506052,
        0.010068880394101143,
        0.009422849863767624,
        0.012118027545511723,
        0.011894919909536839,
        0.011147875338792801,
        0.011529656127095222,
        0.01126057282090187,
        0.011907592415809631,
        0.011151871643960476,
        0.011932381428778172,
        0.012231281027197838,
        0.012930264696478844,
        0.012982474640011787,
        0.013581152074038982,
        0.013438890688121319,
        0.013697589747607708,
        0.014701629057526588,
        0.015816379338502884,
        0.014498092234134674,
        0.014318248257040977,
        0.014166630804538727,
        0.014825533144176006,
        0.015766162425279617,
        0.015495873056352139,
        0.015406129881739616,
        0.014561107382178307,
        0.015893422067165375,
        0.014383317902684212,
        0.014084822498261929,
        0.01471557654440403,
        0.015176750719547272,
        0.0148506760597229,
        0.01576666720211506,
        0.0158181544393301,
        0.016406625509262085,
        0.017320461571216583,
        0.017718028277158737,
        0.015452982857823372,
        0.01614605076611042,
        0.015265919268131256,
        0.017063219100236893,
        0.0173911415040493,
        0.016392771154642105,
        0.01738729141652584,
        0.017562299966812134,
        0.01842997968196869,
        0.018024537712335587,
        0.01952623948454857,
        0.017777256667613983,
        0.01782706379890442,
        0.018730342388153076,
        0.017676081508398056,
        0.02071116492152214,
        0.019229762256145477,
        0.02008780650794506,
        0.017476174980401993,
        0.01707126572728157
    ],
    "train_mse_price": [
        0.0011231653625145555,
        0.0005010417080484331,
        0.0004667671746574342,
        0.0004634781798813492,
        0.0004614560748450458,
        0.0004597947408910841,
        0.0004704746825154871,
        0.0004729103238787502,
        0.0004616744990926236,
        0.0004995996714569628,
        0.0004639935214072466,
        0.00046431986265815794,
        0.00045532951480709016,
        0.0004864484362769872,
        0.00045517864055000246,
        0.00046678149374201894,
        0.0004571031022351235,
        0.0004607482987921685,
        0.00045431338367052376,
        0.0004598476807586849,
        0.00045946708996780217,
        0.00046258370275609195,
        0.0004632515774574131,
        0.00045793570461682975,
        0.0004512288433033973,
        0.00046271851169876754,
        0.00045174482511356473,
        0.0004521737282630056,
        0.00047227853792719543,
        0.0004558104556053877,
        0.0004690403293352574,
        0.00045304690138436854,
        0.0004468462720979005,
        0.00045217020669952035,
        0.0004519815556704998,
        0.0004502873052842915,
        0.0004492081352509558,
        0.0004641844134312123,
        0.00046746578300371766,
        0.0005055515212006867,
        0.00045135844266042113,
        0.0004503134696278721,
        0.0004586819268297404,
        0.00044901701039634645,
        0.0004497890477068722,
        0.00045274922740645707,
        0.0004512392624747008,
        0.0004477934562601149,
        0.000446302437921986,
        0.00045361483353190124,
        0.00045438623055815697,
        0.00045777548803016543,
        0.00044573238119482994,
        0.00044302924652583897,
        0.00045922695426270366,
        0.0004392694099806249,
        0.0004497096815612167,
        0.00045072895591147244,
        0.00046888639917597175,
        0.0004441868222784251,
        0.00044675840763375163,
        0.0004395534342620522,
        0.0004429480468388647,
        0.00046131465933285654,
        0.00044409793918021023,
        0.0004400285833980888,
        0.00045190411037765443,
        0.00044211390195414424,
        0.0004414508875925094
    ],