{
    "epoch": [
        1,
        2,
        3,
        4,
        5,
        6,
        7,
        8,
        9,
        10,
        11,
        12,
        13,
        14,
        15,
        16,
        17,
        18,
        19,
        20,
        21,
        22,
        23,
        24,
        25,
        26,
        27,
        28,
        29,
        30,
        31,
        32,
        33,
        34,
        35,
        36,
        37,
        38,
        39,
        40,
        41,
        42,
        43,
        44,
        45,
        46,
        47,
        48,
        49,
        50
    ],
    "train_mse_scaled": [
        0.00021256656327750534,
        0.00014578223635908216,
        0.00013180395762901753,
        0.00012349046301096678,
        0.00011907227599294856,
        0.00011487006122479215,
        0.0001057573317666538,
        9.115745342569426e-05,
        8.135834650602192e-05,
        8.480317774228752e-05,
        6.942309119040146e-05,
        7.149899465730414e-05,
        6.482889148173854e-05,
        5.858371514477767e-05,
        6.117240263847634e-05,
        5.784035238320939e-05,
        4.674010779126547e-05,
        4.531288504949771e-05,
        4.987032662029378e-05,
        4.018792969873175e-05,
        4.444048317964189e-05,
        4.700907811638899e-05,
        3.8916281482670456e-05,
        4.373651972855441e-05,
        3.8528854929609224e-05,
        3.707100040628575e-05,
        3.7376761611085385e-05,
        3.503519110381603e-05,
        3.5775246942648664e-05,
        3.2057680073194206e-05,
        3.485063280095346e-05,
        3.2500523957423866e-05,
        2.6410079954075627e-05,
        2.928322646766901e-05,
        3.122632188023999e-05,
        3.5215791285736486e-05,
        2.4592411136836745e-05,
        2.4802444386295974e-05,
        2.6723517294158228e-05,
        2.4685585231054574e-05,
        3.2194166124099866e-05,
        1.8617938621900976e-05,
        2.3976606826181524e-05,
        2.3293525373446755e-05,
        2.6352527129347436e-05,
        1.9561766748665832e-05,
        2.2827391148894094e-05,
        2.587255949038081e-05,
        2.5949160772142932e-05,
        1.8535640265326947e-05
    ],
    "val_mse_scaled": [
        9.321043035015464e-05,
        3.799064870690927e-05,
        4.057152182213031e-05,
        4.4377517042448744e-05,
        2.2627436919719912e-05,
        3.0970310035627335e-05,
        1.7112128261942416e-05,
        2.4461905923089944e-05,
        3.900108640664257e-05,
        2.6550855181994848e-05,
        4.079914651811123e-05,
        2.306621718162205e-05,
        2.1151236069272272e-05,
        2.5895118596963584e-05,
        2.665215106389951e-05,
        2.8265872970223427e-05,
        1.9147826606058516e-05,
        2.9180599085520953e-05,
        2.9364762667682953e-05,
        8.319257176481187e-06,
        3.8898797356523573e-05,
        3.230389120290056e-05,
        2.7816282454296015e-05,
        1.94152908079559e-05,
        1.3934873095422518e-05,
        3.2350453693652526e-05,
        4.112891110708006e-05,
        1.534978764539119e-05,
        2.2997694031801075e-05,
        4.185452780802734e-05,
        2.7988919100607745e-05,
        2.440872231090907e-05,
        3.270964225521311e-05,
        1.577132206875831e-05,
        5.227001020102762e-05,
        1.5111900211195461e-05,
        1.243073620571522e-05,
        3.730985918082297e-05,
        1.8183307474828325e-05,
        2.4047749320743605e-05,
        3.683070099214092e-05,
        1.8014272427535616e-05,
        2.0878747818642296e-05,
        3.620573988882825e-05,
        1.6514924936927855e-05,
        1.541537858429365e-05,
        1.609135142643936e-05,
        6.076101999497041e-05,
        4.118265860597603e-05,
        1.930470716615673e-05
    ],
    "train_mse_price": [
        14380.2509765625,
        9862.25390625,
        8916.615234375,
        8354.2021484375,
        8055.30908203125,
        7771.02734375,
        7154.5458984375,
        6166.8544921875,
        5503.939453125,
        5736.984375,
        4696.51171875,
        4836.94873046875,
        4385.71142578125,
        3963.22265625,
        4138.34814453125,
        3912.934326171875,
        3161.99609375,
        3065.443115234375,
        3373.756591796875,
        2718.73681640625,
        3006.424560546875,
        3180.19140625,
        2632.708984375,
        2958.80126953125,
        2606.49951171875,
        2507.87451171875,
        2528.56005859375,
        2370.15087890625,
        2420.216064453125,
        2168.720703125,
        2357.665771484375,
        2198.679443359375,
        1786.6572265625,
        1981.02734375,
        2112.47900390625,
        2382.36865234375,
        1663.6907958984375,
        1677.9000244140625,
        1807.861572265625,
        1669.9942626953125,
        2177.954345703125,
        1259.514404296875,
        1622.031494140625,
        1575.820556640625,
        1782.7635498046875,
        1323.3648681640625,
        1544.286376953125,
        1750.2935791015625,
        1755.4761962890625,
        1253.947021484375
    ],
    "val_mse_price": [
        6305.740234375,
        2570.08935546875,
        2744.687255859375,
        3002.165283203125,
        1530.7593994140625,
        2095.159912109375,
        1157.6453857421875,
        1654.8621826171875,
        2638.4462890625,
        1796.1807861328125,
        2760.085693359375,
        1560.4429931640625,
        1430.8934326171875,
        1751.81982421875,
        1803.0335693359375,
        1912.20263671875,
        1295.3616943359375,
        1974.084716796875,
        1986.54345703125,
        562.8025512695312,
        2631.52587890625,
        2185.377197265625,
        1881.787841796875,
        1313.4559326171875,
        942.7022705078125,
        2188.527099609375,
        2782.394775390625,
        1038.4219970703125,
        1555.8074951171875,
        2831.48291015625,
        1893.466552734375,
        1651.26416015625,
        2212.826416015625,
        1066.9390869140625,
        3536.0966796875,
        1022.3289184570312,
        840.9465942382812,
        2524.033935546875,
        1230.1112060546875,
        1626.84423828125,
        2491.618408203125,
        1218.6761474609375,
        1412.4595947265625,
        2449.339599609375,
        1117.2442626953125,
        1042.859375,
        1088.58935546875,
        4110.5185546875,
        2786.031005859375,
        1305.974609375
    ],
    "train_mae_price": [
        37.940284729003906,
        26.154081344604492,
        27.94662094116211,
        25.3998966217041,
        24.66842269897461,
        23.553829193115234,
        23.223384857177734,
        21.94951820373535,
        21.27817153930664,
        22.06877326965332,
        19.037555694580078,
        20.211484909057617,
        19.91446304321289,
        20.997821807861328,
        18.278900146484375,
        18.79409408569336,
        17.749919891357422,
        17.721885681152344,
        18.145891189575195,
        17.95368194580078,
        17.03458023071289,
        17.19368553161621,
        16.873172760009766,
        18.01702880859375,
        15.49195671081543,
        16.558483123779297,
        16.10944938659668,
        17.128976821899414,
        15.241138458251953,
        15.891121864318848,
        16.502925872802734,
        16.128387451171875,
        15.132284164428711,
        15.449934959411621,
        16.0657958984375,
        15.213045120239258,
        14.049676895141602,
        15.74350357055664,
        13.784143447875977,
        13.7271089553833,
        15.102987289428711,
        13.888482093811035,
        14.181822776794434,
        14.73043155670166,
        14.218241691589355,
        13.500948905944824,
        14.394062995910645,
        12.545726776123047,
        14.647433280944824,
        13.449398040771484
    ],