{
    "epoch": [
        1,
        2,
        3,
        4,
        5,
        6,
        7,
        8,
        9,
        10,
        11,
        12,
        13,
        14,
        15,
        16,
        17,
        18,
        19,
        20,
        21,
        22,
        23,
        24,
        25,
        26,
        27,
        28,
        29,
        30,
        31,
        32,
        33,
        34,
        35,
        36,
        37,
        38,
        39,
        40,
        41,
        42,
        43,
        44,
        45,
        46,
        47,
        48,
        49,
        50,
        51,
        52,
        53,
        54,
        55,
        56,
        57,
        58,
        59,
        60,
        61
    ],
    "train_mse_scaled": [
        0.07668141275644302,
        0.07654166221618652,
        0.07639449834823608,
        0.07628530263900757,
        0.07614857703447342,
        0.0759851410984993,
        0.07585304230451584,
        0.07573165744543076,
        0.07568372040987015,
        0.07550191134214401,
        0.07533999532461166,
        0.0752258375287056,
        0.07506467401981354,
        0.07498771697282791,
        0.07484731823205948,
        0.0746702030301094,
        0.07453721761703491,
        0.07441069930791855,
        0.07432842254638672,
        0.07414786517620087,
        0.07399935275316238,
        0.07386720925569534,
        0.07374236732721329,
        0.07366058230400085,
        0.07349299639463425,
        0.07334506511688232,
        0.07324367761611938,
        0.07307975739240646,
        0.07297900319099426,
        0.07280252128839493,
        0.07267607003450394,
        0.07260001450777054,
        0.07239947468042374,
        0.07227485626935959,
        0.07212311029434204,
        0.07192688435316086,
        0.07186758518218994,
        0.0716136172413826,
        0.07150942832231522,
        0.07129774242639542,
        0.07118046283721924,
        0.0709877535700798,
        0.07075659185647964,
        0.07062748819589615,
        0.0704764798283577,
        0.070271335542202,
        0.0700460895895958,
        0.06988490372896194,
        0.06963126361370087,
        0.06952179223299026,
        0.06933435052633286,
        0.0690602958202362,
        0.06883885711431503,
        0.06867101788520813,
        0.06845391541719437,
        0.06817255169153214,
        0.06806134432554245,
        0.06768450140953064,
        0.06751930713653564,
        0.06734121590852737,
        0.06705097109079361
    ],
    "val_mse_scaled": [
        0.0022951271384954453,
        0.0023327101953327656,
        0.002367249457165599,
        0.00241814274340868,
        0.002463466254994273,
        0.0024998383596539497,
        0.0025317820254713297,
        0.002572381868958473,
        0.0026296982541680336,
        0.0026748855598270893,
        0.0027135019190609455,
        0.00275422353297472,
        0.002782620955258608,
        0.0028354336973279715,
        0.0028777732513844967,
        0.0029099576640874147,
        0.00294437725096941,
        0.002981235971674323,
        0.00303632696159184,
        0.003078521927818656,
        0.0031181008089333773,
        0.003150723408907652,
        0.0031832419335842133,
        0.003227722365409136,
        0.003264086553826928,
        0.0032965203281491995,
        0.0033385897986590862,
        0.003374121617525816,
        0.0034145740792155266,
        0.003439338644966483,
        0.0034652438480407,
        0.003520817030221224,
        0.003557575633749366,
        0.00359975453466177,
        0.003640921087935567,
        0.003657726803794503,
        0.0037159943021833897,
        0.0037342747673392296,
        0.003785672364756465,
        0.0038199054542928934,
        0.0038732201792299747,
        0.003915213979780674,
        0.003930587321519852,
        0.003976184409111738,
        0.0040239254012703896,
        0.004070746246725321,
        0.004110231064260006,
        0.004154486116021872,
        0.004170293919742107,
        0.0042244791984558105,
        0.004273567348718643,
        0.004304682370275259,
        0.004336033947765827,
        0.004389112815260887,
        0.00443686731159687,
        0.004465068690478802,
        0.004528342746198177,
        0.00454883836209774,
        0.004590687341988087,
        0.004646687302738428,
        0.00467956205829978
    ],
    "train_mse_price": [
        355.3232727050781,
        354.6756896972656,
        353.9937744140625,
        353.4877624511719,
        352.854248046875,
        352.0968322753906,
        351.4847717285156,
        350.9223327636719,
        350.7001647949219,
        349.8576965332031,
        349.1074523925781,
        348.578369140625,
        347.8316955566406,
        347.4751281738281,
        346.8245544433594,
        346.0037536621094,
        345.3876037597656,
        344.8013000488281,
        344.4200439453125,
        343.5834045410156,
        342.8952331542969,
        342.2828674316406,
        341.7044982910156,
        341.32550048828125,
        340.5489807128906,
        339.8634338378906,
        339.3936462402344,
        338.63409423828125,
        338.1671447753906,
        337.3494567871094,
        336.7635192871094,
        336.41107177734375,
        335.4817810058594,
        334.9043273925781,
        334.2011413574219,
        333.2919006347656,
        333.01715087890625,
        331.8403625488281,
        331.3574523925781,
        330.3765869140625,
        329.8332214355469,
        328.9402160644531,
        327.8690185546875,
        327.27081298828125,
        326.5710754394531,
        325.6205139160156,
        324.5768737792969,
        323.8299255371094,
        322.654541015625,
        322.1473083496094,
        321.2787780761719,
        320.00885009765625,
        318.98272705078125,
        318.20501708984375,
        317.1989440917969,
        315.8952331542969,
        315.3798828125,
        313.6336975097656,
        312.8683166503906,
        312.0430603027344,
        310.69805908203125
    ],
    "val_mse_price": [
        10.635066032409668,
        10.809218406677246,
        10.96926498413086,
        11.20508861541748,
        11.415106773376465,
        11.583646774291992,
        11.731667518615723,
        11.919797897338867,
        12.185384750366211,
        12.394771575927734,
        12.573713302612305,
        12.762406349182129,
        12.893993377685547,
        13.138713836669922,
        13.334903717041016,
        13.484041213989258,
        13.643536567687988,
        13.814329147338867,
        14.069605827331543,
        14.265129089355469,
        14.448528289794922,
        14.599693298339844,
        14.750373840332031,
        14.956487655639648,
        15.124987602233887,
        15.27527904510498,
        15.47021770477295,
        15.634868621826172,
        15.822312355041504,
        15.937065124511719,
        16.05710220336914,
        16.314619064331055,
        16.484949111938477,
        16.680395126342773,
        16.871150970458984,
        16.949024200439453,
        17.21902084350586,
        17.303730010986328,
        17.54189109802246,
        17.700519561767578,
        17.947568893432617,
        18.14215850830078,
        18.213390350341797,
        18.424680709838867,
        18.645898818969727,
        18.862857818603516,
        19.04581642150879,
        19.250885009765625,
        19.32413673400879,
        19.575218200683594,
        19.80268096923828,
        19.946857452392578,
        20.092134475708008,
        20.338092803955078,
        20.559371948242188,
        20.69005012512207,
        20.98324966430664,
        21.07822036743164,
        21.272144317626953,
        21.53162956237793,
        21.683963775634766
    ],