{
    "epoch": [
        1,
        2,
        3,
        4,
        5,
        6,
        7,
        8,
        9,
        10,
        11,
        12,
        13,
        14,
        15,
        16,
        17,
        18,
        19,
        20,
        21,
        22,
        23,
        24,
        25,
        26,
        27,
        28,
        29,
        30,
        31,
        32,
        33,
        34,
        35,
        36,
        37,
        38,
        39,
        40,
        41,
        42,
        43,
        44,
        45,
        46,
        47,
        48
    ],
    "train_mse_scaled": [
        0.041922799388085914,
        0.009153273375938586,
        0.007120333160990716,
        0.006153518520887232,
        0.005533548610782042,
        0.005309624060275672,
        0.00515324164181339,
        0.0051091496401948055,
        0.005089263458178446,
        0.005084934215235525,
        0.00506989262521122,
        0.005055920376229532,
        0.005062539440118358,
        0.005053576398835858,
        0.0050456003234868275,
        0.005045457546050738,
        0.005040225189980973,
        0.0050372368339875705,
        0.005028229706422505,
        0.005023652709981728,
        0.005019487266932907,
        0.005017456316479224,
        0.005014503296715694,
        0.005011119130833138,
        0.005006320484975513,
        0.00500373670512336,
        0.005002153592101381,
        0.005000313847137912,
        0.004999604375644897,
        0.004998921663777102,
        0.004998341175129759,
        0.004997756925884905,
        0.004997268630779078,
        0.004996977699106797,
        0.004996795458807447,
        0.004996782242880085,
        0.00499656298942886,
        0.004996513311662206,
        0.004996415258729273,
        0.00499613017627349,
        0.004996191554616544,
        0.004995757004322267,
        0.004995555008290269,
        0.004995413637256036,
        0.004995170342771723,
        0.0049950086999969966,
        0.004995055155932041,
        0.004994634820192523
    ],
    "val_mse_scaled": [
        0.0030767183464156743,
        0.0029482719650603785,
        0.0029077148709114376,
        0.002854668164486185,
        0.0028531880822306732,
        0.0028094561800770636,
        0.002844905376589679,
        0.002802027389367545,
        0.0028481693940427986,
        0.002912115026717288,
        0.0028785532352173957,
        0.002818690866826579,
        0.0028409076136511223,
        0.002905402027336379,
        0.0029097636531020044,
        0.0029031864069388293,
        0.0029701114761707,
        0.0029002222386580456,
        0.002965069033208323,
        0.0029980461900468215,
        0.0030074525654200544,
        0.003030105930421767,
        0.0030510691861529438,
        0.003063902869115953,
        0.003060627580956643,
        0.0030612376953107036,
        0.0030619853875504368,
        0.0030580469914875063,
        0.003057402682913457,
        0.0030548252422433197,
        0.0030540800461835715,
        0.0030536586212761563,
        0.0030531827376647945,
        0.003052190807728472,
        0.0030535840077625664,
        0.003052389332008865,
        0.003053308188848769,
        0.0030517888724949315,
        0.00305239680461753,
        0.003051428047177218,
        0.0030518446522895815,
        0.003051957597352306,
        0.003051968763650681,
        0.0030507378417607535,
        0.0030511503750625833,
        0.0030509149748366936,
        0.003049534693069944,
        0.003051275601181658
    ],
    "train_mse_price": [
        0.0027678680659160627,
        0.0006043263719879061,
        0.00047010560524779927,
        0.0004062736218709974,
        0.0003653413600531963,
        0.00035055718977755666,
        0.00034023235678301615,
        0.00033732127342573287,
        0.00033600832678401093,
        0.0003357225000214971,
        0.0003347294077354078,
        0.0003338069209836445,
        0.00033424392692356185,
        0.00033365216411499946,
        0.0003331255567890151,
        0.00033311613242843714,
        0.0003327706753955127,
        0.0003325733787914381,
        0.00033197870317685683,
        0.00033167651258766083,
        0.0003314014969743458,
        0.0003312674078421247,
        0.0003310724390344901,
        0.0003308490064246843,
        0.0003305321860307628,
        0.000330361594310283,
        0.0003302570748883967,
        0.00033013560879936277,
        0.0003300887677052291,
        0.00033004369880257095,
        0.00033000536935399663,
        0.00032996679057285865,
        0.0003299345588268547,
        0.0003299153494364243,
        0.000329903314598379,
        0.0003299024421599279,
        0.0003298879673924811,
        0.00032988469056624526,
        0.00032987821127821034,
        0.00032985939315224476,
        0.0003298634388192235,
        0.0003298347561678264,
        0.00032982142023158553,
        0.00032981208902409107,
        0.00032979601901743957,
        0.0003297853528992886,
        0.0003297884192136314,
        0.00032976066767129825
    ],
    "val_mse_price": [
        0.0002031341042404536,
        0.0001946536920405308,
        0.0001919759955996158,
        0.00018847369488503692,
        0.00018837597371018904,
        0.00018548866612782205,
        0.00018782912628716902,
        0.00018499819497563665,
        0.00018804462865457436,
        0.00019226650713906308,
        0.00019005065824987077,
        0.00018609836624636304,
        0.0001875651834365223,
        0.0001918232978502458,
        0.00019211126452224058,
        0.00019167701419660493,
        0.0001960956031464857,
        0.0001914813128712518,
        0.0001957626883109906,
        0.0001979399397318506,
        0.00019856097727848234,
        0.00020005661866120129,
        0.00020144067694623062,
        0.00020228799420958063,
        0.0002020717481344122,
        0.00020211203058244674,
        0.00020216139612007,
        0.00020190137331401736,
        0.0002018588339387422,
        0.00020168865892769894,
        0.00020163946100259424,
        0.00020161163803247812,
        0.00020158021771094167,
        0.00020151472616697813,
        0.00020160671570109432,
        0.0002015278364233136,
        0.00020158850200620304,
        0.00020148819101707666,
        0.0002015283272132397,
        0.00020146436818595513,
        0.00020149187571836367,
        0.0002014993280055658,
        0.00020150006507037378,
        0.0002014187987202089,
        0.0002014460380162514,
        0.0002014304942060327,
        0.0002013393613204367,
        0.00020145430290796862
    ],