{
    "epoch": [
        1,
        2,
        3,
        4,
        5,
        6,
        7,
        8,
        9,
        10,
        11,
        12,
        13,
        14,
        15,
        16,
        17,
        18,
        19,
        20,
        21,
        22,
        23,
        24,
        25,
        26,
        27,
        28,
        29,
        30,
        31,
        32,
        33,
        34,
        35,
        36,
        37,
        38,
        39,
        40,
        41,
        42,
        43,
        44,
        45
    ],
    "train_mse_scaled": [
        1.01601361076119,
        1.0088213613952206,
        1.0037637904985082,
        0.9963839452206943,
        0.9865687235153825,
        0.9708211164527649,
        0.955873683919392,
        0.9343106322353618,
        0.9090831850570715,
        0.881387938398821,
        0.8527658198829716,
        0.8312732198293306,
        0.8115748286967076,
        0.7865404561342486,
        0.7697273606616294,
        0.7538844869255313,
        0.7334109463857093,
        0.7137204692895297,
        0.699549782373709,
        0.6823608715551017,
        0.675687112044073,
        0.658935085263295,
        0.6478295747132572,
        0.6220706829469389,
        0.6063236873203849,
        0.5847540936820731,
        0.5636014238575983,
        0.537721709295159,
        0.5306040015160819,
        0.5064727014921224,
        0.48604085908936007,
        0.5043717446446624,
        0.4748289014738682,
        0.4635673538883907,
        0.45538988213666975,
        0.45328475256077244,
        0.45379569820998433,
        0.44118894468495806,
        0.4242434058492249,
        0.4127874509927866,
        0.4267323993937299,
        0.42666777504306275,
        0.3971837642608165,
        0.39146187889291145,
        0.4121477548532508
    ],
    "val_mse_scaled": [
        1.2841398236848744,
        1.2862198754418417,
        1.282055349474303,
        1.2827659824133368,
        1.2805235597075924,
        1.2848993805504683,
        1.2849505982674512,
        1.2861807708165631,
        1.2868472478528987,
        1.2890265418562545,
        1.2895641606606776,
        1.2923829522370074,
        1.294223462710497,
        1.2936513231059859,
        1.3005204368829224,
        1.3027823925384097,
        1.3070284080249401,
        1.3219635442842006,
        1.3188701837693038,
        1.3144879462108234,
        1.3174071835995003,
        1.3231933577573083,
        1.3219073732050146,
        1.3278082586123585,
        1.3254737548269928,
        1.328305862226238,
        1.3310618074883092,
        1.338918993872921,
        1.3351031569595029,
        1.4044653720188616,
        1.3524792557664407,
        1.4051743514204529,
        1.4185606436259415,
        1.3965081523589407,
        1.5066390831698042,
        1.4234763534899513,
        1.5680679453089303,
        1.4401751093874922,
        1.5410550769001985,
        1.6194626719509415,
        1.5361744245747104,
        1.6042534885105675,
        1.406865826543752,
        1.4799502975581544,
        1.60070978500317
    ],
    "train_mse_price": [
        0.00018334642910239522,
        0.00018204854301462751,
        0.00018113586815354153,
        0.0001798041270245735,
        0.0001780329047146223,
        0.0001751911450495857,
        0.00017249377800343074,
        0.00016860258563041396,
        0.0001640501251479741,
        0.0001590523304378563,
        0.00015388727883111004,
        0.0001500087960778231,
        0.00014645408996235984,
        0.00014193647002520022,
        0.00013890243561720346,
        0.00013604348482856315,
        0.00013234889625770923,
        0.0001287956193109347,
        0.00012623842366921875,
        0.0001231365710985857,
        0.0001219322459241129,
        0.00011890923002087158,
        0.00011690516692785628,
        0.00011225680265600867,
        0.00010941515350197435,
        0.00010552277511375081,
        0.00010170563551165466,
        9.703546864498487e-05,
        9.575103161019437e-05,
        9.139637744897169e-05,
        8.770931522537802e-05,
        9.101724510913702e-05,
        8.568604250672918e-05,
        8.365382051047794e-05,
        8.217814044505345e-05,
        8.179825582115917e-05,
        8.189045983560006e-05,
        7.961548553999179e-05,
        7.655755213382489e-05,
        7.449024846478854e-05,
        7.700670697758887e-05,
        7.699504574699823e-05,
        7.167445975331274e-05,
        7.064190630741978e-05,
        7.437481046343741e-05
    ],
    "val_mse_price": [
        0.00023173159416928113,
        0.0002321069528188147,
        0.00023135544024743213,
        0.00023148367437746462,
        0.00023107901550305826,
        0.0002318686552747593,
        0.00023187790526461098,
        0.0002320998924230228,
        0.00023222016174087172,
        0.00023261344417559965,
        0.0002327104467950559,
        0.00023321912006804858,
        0.0002335512597757115,
        0.00023344800939355083,
        0.00023468759361258676,
        0.0002350957607439981,
        0.00023586198944851235,
        0.00023855713752816223,
        0.00023799892510836012,
        0.0002372081196989187,
        0.00023773490352111009,
        0.00023877906470062802,
        0.00023854699969251355,
        0.00023961185102513814,
        0.00023919058455937055,
        0.00023970164849436423,
        0.00024019899185527926,
        0.0002416168663825169,
        0.0002409282643780489,
        0.00025344514574801233,
        0.00024406390232929772,
        0.0002535730909660603,
        0.00025598872510770865,
        0.0002520092162352439,
        0.0002718830657208279,
        0.0002568757981134924,
        0.0002829683159429694,
        0.0002598891986718067,
        0.0002780936613548758,
        0.00029224284150991325,
        0.0002772129225559503,
        0.0002894982371430684,
        0.0002538783222901271,
        0.00026706689439094146,
        0.0002888587538533921
    ],
    "train_mae_price": [
        0.009516676243000675,
        0.009501645635110726,
        0.00946213712189074,
        0.00942769677051108,
        0.00938311151580168,
        0.009298325568747538,
        0.009228665103926083,
        0.009142594870032874,
        0.009061289104428069,
        0.008968744334063488,
        0.008880350212663524,
        0.008815138749345962,
        0.008720385828118075,
        0.008609493967413133,
        0.008519317316854992,
        0.008432167187623275,
        0.00831532894511095,
        0.008171542850978479,
        0.008085815865963417,
        0.00803242836135012,
        0.00799135563249594,
        0.007865709863073963,
        0.00773190535336473,
        0.0075261108964766255,
        0.007388805921880153,
        0.00726536785280933,
        0.007113627783564979,
        0.00690262344259812,
        0.00681941672865117,
        0.006676181646738203,
        0.006572716216624085,
        0.006639793588067458,
        0.006483502682671073,
        0.006429758542872882,
        0.006386645484999979,
        0.006408073646855035,
        0.006422077424570891,
        0.006422267325681388,
        0.00625660509045424,
        0.006253821506199812,
        0.006375499293869338,
        0.00648608671294388,
        0.006288471942833715,
        0.006275964208659346,
        0.006393688264941727
    ],