{
    "epoch": [
        1,
        2,
        3,
        4,
        5,
        6,
        7,
        8,
        9,
        10,
        11,
        12,
        13,
        14,
        15,
        16,
        17,
        18,
        19,
        20,
        21,
        22,
        23,
        24,
        25,
        26,
        27,
        28,
        29,
        30,
        31,
        32,
        33,
        34,
        35,
        36,
        37,
        38,
        39,
        40,
        41,
        42,
        43,
        44,
        45,
        46,
        47,
        48,
        49,
        50,
        51,
        52,
        53,
        54,
        55,
        56,
        57,
        58,
        59,
        60,
        61,
        62,
        63,
        64,
        65,
        66,
        67,
        68,
        69,
        70
    ],
    "train_mse_scaled": [
        0.05553356334239435,
        0.021036319722419913,
        0.014577045875199418,
        0.010717067014175644,
        0.008314132137944644,
        0.007590274716620162,
        0.0073354017163258685,
        0.007247097908626518,
        0.006796385931414407,
        0.007076448210719129,
        0.007040998882211313,
        0.006599303161096623,
        0.006355814953881269,
        0.006191238964812057,
        0.0061957920099043415,
        0.006025653251125268,
        0.00597810864866724,
        0.0057459723282253915,
        0.005644638158966998,
        0.00559806907854511,
        0.005385613608465625,
        0.005357107303538014,
        0.005282611589198892,
        0.005305748194842766,
        0.005180775596427849,
        0.005156900830367754,
        0.005143918499997967,
        0.005110313881447247,
        0.005146398078802395,
        0.005102136755952029,
        0.005165697281408869,
        0.005117448605942118,
        0.005094352773453158,
        0.005080278571303984,
        0.00506825911813347,
        0.005080078041541043,
        0.005046396950601428,
        0.005015568174475875,
        0.005056531436191634,
        0.004998806359142577,
        0.005092181426175244,
        0.004998697691940553,
        0.005026511179370778,
        0.0050169950859875745,
        0.0050465592502892485,
        0.004989754693762758,
        0.00501623144819396,
        0.005012602970681796,
        0.005005043067794835,
        0.0049856781718624335,
        0.005076810406736888,
        0.005089730137413723,
        0.005025520047264151,
        0.005013527324819929,
        0.00506608452329174,
        0.0050694905556026605,
        0.005041056703631987,
        0.005001675000956928,
        0.005005039953611385,
        0.0049877279413480455,
        0.004998515722576552,
        0.005005557074819101,
        0.004992936959657572,
        0.0049919936312557076,
        0.005001626129917284,
        0.005030532902064815,
        0.0049744674462197744,
        0.005032529738177754,
        0.004990192519359417,
        0.004977235206396387
    ],
    "val_mse_scaled": [
        0.010820025756942898,
        0.010762785328756764,
        0.008112026936972017,
        0.008207914908512493,
        0.008035053875391895,
        0.005992228249149889,
        0.006788574057172536,
        0.007463220617883337,
        0.006210656462756603,
        0.00787764570283116,
        0.008427072750787268,
        0.008740162740189027,
        0.0068842928983571024,
        0.006425715442254232,
        0.006645003757935797,
        0.005777229988905219,
        0.005248099474408718,
        0.005236577440722279,
        0.004629141468412002,
        0.004318447632422817,
        0.003945704316532783,
        0.0031841541463464296,
        0.00305819516196717,
        0.0032652395624978682,
        0.0029728961248342233,
        0.003204318313240151,
        0.003288468515195575,
        0.0031923275987480793,
        0.0030319190545545103,
        0.002824646160270561,
        0.0030924204787106556,
        0.0029082555830243105,
        0.0029728978376340363,
        0.003079002274895615,
        0.003016241418320853,
        0.0030823554708414138,
        0.003016641509592732,
        0.0031656067755434945,
        0.002954290710040297,
        0.0030777345624070306,
        0.003031138183236237,
        0.0030346293666993597,
        0.003122786429861002,
        0.0028568966780994744,
        0.0031142195899929283,
        0.0030215170026512083,
        0.003118610029121183,
        0.0029851111991007428,
        0.003200291087856044,
        0.003046943047124362,
        0.0030600784259389724,
        0.0029984425040016304,
        0.0030317849277250453,
        0.003001946812795353,
        0.002973131974840726,
        0.0029895833336773593,
        0.0029273798458501867,
        0.0031133095100688403,
        0.0029739074719060455,
        0.0029724990335466828,
        0.003031798334933544,
        0.002967161852179956,
        0.0029763489659714536,
        0.002958513791453754,
        0.0030357300989388492,
        0.002939715860148129,
        0.0029940616841795274,
        0.00293831416932232,
        0.0029871527607596704,
        0.0029146534856579363
    ],
    "train_mse_price": [
        0.0036664911794099856,
        0.0013888804964641572,
        0.0009624199572281626,
        0.0007075726829928641,
        0.0005489237697766695,
        0.0005011325456661622,
        0.00048430506716920784,
        0.00047847498687638367,
        0.0004487176441373281,
        0.0004672081866813812,
        0.00046486771445781674,
        0.0004357056469081288,
        0.0004196298308337346,
        0.000408764033173206,
        0.0004090646414427917,
        0.0003978315734173616,
        0.00039469253718892874,
        0.0003793662055120867,
        0.00037267582097516333,
        0.0003696011890206081,
        0.00035557424779842885,
        0.00035369217537300937,
        0.0003487737485529483,
        0.00035030129691109854,
        0.0003420502342290607,
        0.0003404739510023083,
        0.00033961681243397404,
        0.0003373981423375317,
        0.0003397805262239288,
        0.0003368582642542007,
        0.0003410547124125604,
        0.0003378691912024187,
        0.00033634434566151767,
        0.0003354151206243739,
        0.00033462156186134804,
        0.0003354018792430158,
        0.00033317815640987653,
        0.00033114274764357914,
        0.00033384726418090606,
        0.0003300360799021513,
        0.0003362009806556701,
        0.00033002890751966635,
        0.0003318652359681806,
        0.00033123695824731857,
        0.0003331888719748356,
        0.0003294384633162433,
        0.00033118653557843997,
        0.000330946977541366,
        0.00033044784359161815,
        0.0003291693187264121,
        0.00033518614813586367,
        0.0003360391377151325,
        0.0003317998011341322,
        0.00033100799876322845,
        0.0003344779915684056,
        0.0003347028639273442,
        0.0003328255780436137,
        0.00033022548110747945,
        0.00033044764426440294,
        0.00032930465405662856,
        0.0003300168950657415,
        0.0003304817819845022,
        0.00032964856721223577,
        0.0003295862851905843,
        0.00033022225208937604,
        0.0003321307623933216,
        0.0003284291553073054,
        0.00033226260117481517,
        0.00032946736918275897,
        0.00032861189082100163
    ],