{
    "epoch": [
        1,
        2,
        3,
        4,
        5,
        6,
        7,
        8,
        9,
        10,
        11,
        12,
        13,
        14,
        15,
        16,
        17,
        18,
        19,
        20,
        21,
        22,
        23,
        24,
        25,
        26,
        27,
        28,
        29,
        30,
        31,
        32,
        33,
        34,
        35,
        36,
        37,
        38,
        39,
        40,
        41
    ],
    "train_mse_scaled": [
        1.0242780741985194,
        1.036701946754993,
        0.9878826596311979,
        0.9607540608578671,
        0.9344051579622196,
        0.9071532803068086,
        0.8881090419784285,
        0.8692572268200484,
        0.8488473820087966,
        0.8312512944904642,
        0.8077698083977892,
        0.7868947311027766,
        0.7492275127145426,
        0.7228750605341939,
        0.6992855570829365,
        0.6677896754251734,
        0.6652531260185548,
        0.6391677850472621,
        0.6441491599067178,
        0.6190905114971647,
        0.7654680325529744,
        0.6627997048100437,
        0.6630873128899151,
        0.5931651468972285,
        0.5791314943392027,
        0.607924297339504,
        0.5856146171112885,
        0.568025566313904,
        0.5833250240234423,
        0.5651537772386366,
        0.5325601298336452,
        0.5367280909100474,
        0.4720251229397825,
        0.5576713506398411,
        0.43095973356964595,
        0.5097934307589354,
        0.42302179401220846,
        0.5021990017373434,
        0.39905526955182685,
        0.49998647317372763,
        0.37768267863972443
    ],
    "val_mse_scaled": [
        0.8678262324608043,
        0.9464511718341293,
        1.0534260284209898,
        1.0391712805766684,
        1.0160135377585762,
        1.0378582349210494,
        1.1554854852953353,
        1.0915637967678218,
        1.1132760841014364,
        1.073728530207378,
        1.0524849466422053,
        1.0635092217562487,
        1.0361150749411256,
        1.0442861039863112,
        1.1006125117419288,
        1.1453846872996765,
        1.1957585834732247,
        1.2584557053358874,
        1.4313154685587506,
        1.4583748805314196,
        1.3378024053079292,
        1.534002521367466,
        1.5273140731285542,
        1.3490617311998414,
        1.5016899496525953,
        1.4790812455153524,
        1.536482166292934,
        1.4288867194801032,
        1.3839935034820183,
        1.4097054297042353,
        1.2855260697131319,
        1.5090919060793777,
        1.3877013046070574,
        1.4961183474157365,
        1.3504882785057428,
        1.4892047741819765,
        1.4713355011044769,
        1.698061739669356,
        1.6262366229462855,
        1.522705372932513,
        1.5401324646708627
    ],
    "train_mse_price": [
        0.0006714971467163107,
        0.0006796420007225132,
        0.0006476369988631388,
        0.0006298520116485858,
        0.0006125781828738141,
        0.0005947123631080505,
        0.0005822273202485163,
        0.0005698684324430045,
        0.0005564881296587322,
        0.0005449524761409735,
        0.0005295584617617462,
        0.0005158731592538583,
        0.0004911792445333812,
        0.0004739030896779374,
        0.0004584382641376782,
        0.0004377901549594062,
        0.00043612724917567653,
        0.00041902619314073504,
        0.0004222918847925671,
        0.0004058639164398527,
        0.0005018262237632784,
        0.00043451882782139753,
        0.0004347073784556947,
        0.00038886773844761863,
        0.0003796675528485757,
        0.0003985435618776302,
        0.0003839177536544056,
        0.0003723867116166615,
        0.0003824167461539863,
        0.0003705040235933064,
        0.00034913625043268056,
        0.00035186868461870003,
        0.00030945065194254657,
        0.0003655986870882661,
        0.0002825289676249047,
        0.0003342108361989578,
        0.00027732500701210333,
        0.0003292320751568428,
        0.0002616130104101448,
        0.000327781576374396,
        0.0002476015577898264
    ],
    "val_mse_price": [
        0.0005689302981270911,
        0.0006204753081038254,
        0.0006906059882067905,
        0.000681260866997009,
        0.0006660790634714143,
        0.0006804000160816116,
        0.0007575141770477314,
        0.0007156083676377787,
        0.0007298425236802255,
        0.0007039159051738174,
        0.000689989019692598,
        0.0006972163316907978,
        0.0006792572604248571,
        0.0006846140296919995,
        0.000721540564126254,
        0.0007508923576838709,
        0.0007839164895778698,
        0.0008250195146671728,
        0.0009383430738555125,
        0.000956082719726178,
        0.0008770377048301048,
        0.0010056627651271503,
        0.0010012779306462832,
        0.000884419133418738,
        0.000984479249356845,
        0.0009696574708333628,
        0.0010072883779659698,
        0.0009367508689103594,
        0.000907319682716772,
        0.0009241759639130789,
        0.0008427663374830966,
        0.0009893318346890151,
        0.0009097505140206687,
        0.0009808266488646868,
        0.000885354304296956,
        0.0009762942138270993,
        0.0009645794518709041,
        0.0011132168629776579,
        0.0010661296751010645,
        0.0009982565501513135,
        0.0010096814569589998
    ],
    "train_mae_price": [
        0.017733458320884195,
        0.017782103195147652,
        0.017418862770723676,
        0.01733236488081465,
        0.016976288880333354,
        0.016819526396050524,
        0.016770484583366278,
        0.01666696013634956,
        0.016553774315243658,
        0.016417248072440688,
        0.0162157057648866,
        0.015952261192430987,
        0.015814046850912672,
        0.01556821814577121,
        0.015259812860773048,
        0.015038421525992185,
        0.014967947412473261,
        0.014672843983452276,
        0.01469521420306006,
        0.01427875081466346,
        0.015899614098371387,
        0.015180292030313253,
        0.014818059726000006,
        0.01429428774260893,
        0.013949393954603127,
        0.014301508527702242,
        0.013775894223669661,
        0.014025549439025425,
        0.013641373073734283,
        0.013807154614919315,
        0.013027442153798844,
        0.01351143874279053,
        0.012219448868483737,
        0.014045686183819545,
        0.011581091012072867,
        0.013237449890843333,
        0.011485531243279248,
        0.013150534547665077,
        0.011501345675367012,
        0.013172961733040172,
        0.010884917852370477
    ],
    "val_mae_price": [
        0.016638633966473474,
        0.017518778312749027,
        0.018792874386528446,
        0.018709681283484225,
        0.018437248168838915,
        0.018687899110269003,
        0.020057760381405314,
        0.019365594473188717,
        0.01959161825938514,
        0.018997182510221863,
        0.018890451742938588,
        0.018969184871466566,
        0.01868730102298938,
        0.01875934307038847,
        0.019144465932137464,
        0.019421376846203188,
        0.019731154483534744,
        0.020540439681729025,
        0.02235893609820085,
        0.022503220285557037,
        0.021882228710984275,
        0.023727814664700912,
        0.023626700699225393,
        0.021923484846468513,
        0.023358004561500216,
        0.023387112537993488,
        0.024030712705096737,
        0.022974217899624234,
        0.022325564209639104,
        0.022651430234746375,
        0.021403986908515842,
        0.023761481294841805,
        0.02248222299820298,
        0.02335865881546896,
        0.022193093875809776,
        0.023238680188547616,
        0.022985376002676767,
        0.02432124672852415,
        0.024664897678192813,
        0.02288178706575616,
        0.023946799287587868
    ],