{
    "epoch": [
        1,
        2,
        3,
        4,
        5,
        6,
        7,
        8,
        9,
        10,
        11,
        12,
        13,
        14,
        15,
        16,
        17,
        18,
        19,
        20,
        21,
        22,
        23,
        24,
        25,
        26,
        27,
        28,
        29,
        30,
        31,
        32,
        33,
        34,
        35,
        36,
        37,
        38,
        39,
        40,
        41,
        42,
        43,
        44,
        45,
        46,
        47,
        48,
        49,
        50,
        51,
        52,
        53,
        54,
        55,
        56,
        57,
        58,
        59,
        60,
        61,
        62,
        63,
        64,
        65,
        66,
        67,
        68,
        69,
        70,
        71,
        72,
        73,
        74,
        75,
        76,
        77,
        78,
        79,
        80,
        81
    ],
    "train_mse_scaled": [
        0.005899904295802116,
        0.004108909051865339,
        0.002726625418290496,
        0.0017719980096444488,
        0.0011104062432423234,
        0.0007492699078284204,
        0.0004958717618137598,
        0.00036023944267071784,
        0.0002832834725268185,
        0.0002521639980841428,
        0.00022715753584634513,
        0.00021770257444586605,
        0.00018970442761201411,
        0.0001893810258479789,
        0.00014960678527131677,
        0.00014770282723475248,
        0.0001574890484334901,
        0.000120265205623582,
        0.00012123182386858389,
        0.0001006504608085379,
        0.00010568970174062997,
        9.581207996234298e-05,
        6.625949026783928e-05,
        7.915485912235454e-05,
        5.785626854049042e-05,
        8.205443009501323e-05,
        4.792014442500658e-05,
        6.674444011878222e-05,
        5.31861514900811e-05,
        4.750083098770119e-05,
        5.903884084546007e-05,
        5.032311673858203e-05,
        4.931467992719263e-05,
        4.267609983799048e-05,
        4.2399540689075366e-05,
        4.883562360191718e-05,
        3.337246016599238e-05,
        3.8790654798503965e-05,
        4.591817196342163e-05,
        3.6699861084343866e-05,
        6.601712811971083e-05,
        3.794037183979526e-05,
        4.841510599362664e-05,
        4.2124294850509614e-05,
        4.032740253023803e-05,
        3.0128168873488903e-05,
        3.7258625525282696e-05,
        3.279243901488371e-05,
        3.558602838893421e-05,
        3.964176357840188e-05,
        3.455747355474159e-05,
        3.425704562687315e-05,
        4.101440208614804e-05,
        2.7517799026099965e-05,
        5.9505473473109305e-05,
        3.7905141653027385e-05,
        2.7610809411271475e-05,
        2.8235308491275646e-05,
        3.310136162326671e-05,
        3.7812998925801367e-05,
        2.384805520705413e-05,
        3.6093148082727566e-05,
        3.025562546099536e-05,
        3.067754005314782e-05,
        2.2540192730957642e-05,
        2.222849434474483e-05,
        2.5078716134885326e-05,
        4.263645314495079e-05,
        2.9869033824070357e-05,
        3.0397402952075936e-05,
        2.378793760726694e-05,
        2.5911149350577034e-05,
        3.139672480756417e-05,
        2.6425735995871946e-05,
        2.5439603632548824e-05,
        2.3998423785087653e-05,
        2.5752080546226352e-05,
        1.8713364625000395e-05,
        1.902363328554202e-05,
        2.6581068595987745e-05,
        2.7674272132571787e-05
    ],
    "val_mse_scaled": [
        0.0005138571141287684,
        0.0003662078524939716,
        0.00026501648244448006,
        0.0002246656222268939,
        0.00014160865976009518,
        9.865855827229097e-05,
        8.887766307452694e-05,
        0.00010932182340184227,
        4.44728066213429e-05,
        5.0940030632773414e-05,
        6.539044989040121e-05,
        3.1957522878656164e-05,
        3.069415470235981e-05,
        3.080514943576418e-05,
        4.722082303487696e-05,
        2.9859333153581247e-05,
        2.8756177925970405e-05,
        3.567938256310299e-05,
        2.9071154131088406e-05,
        5.0282105803489685e-05,
        2.248798409709707e-05,
        3.3160773455165327e-05,
        3.26761910400819e-05,
        4.471664215088822e-05,
        4.778179572895169e-05,
        4.2118965211557224e-05,
        7.585756975458935e-05,
        5.216712088440545e-05,
        4.8586258344585076e-05,
        5.129030978423543e-05,
        7.010530680418015e-05,
        6.504225893877447e-05,
        6.450842192862183e-05,
        7.982936222106218e-05,
        7.814343553036451e-05,
        8.758421608945355e-05,
        7.305640610866249e-05,
        7.274156087078154e-05,
        6.462523015215993e-05,
        6.368524918798357e-05,
        7.588045264128596e-05,
        6.873789970995858e-05,
        7.504543464165181e-05,
        7.391129474854097e-05,
        6.893138197483495e-05,
        7.064758392516524e-05,
        6.910897354828194e-05,
        6.861137808300555e-05,
        6.39923382550478e-05,
        6.306406430667266e-05,
        7.544338586740196e-05,
        7.111396553227678e-05,
        7.461596396751702e-05,
        9.405388118466362e-05,
        7.482311775675043e-05,
        6.978720193728805e-05,
        7.051851571304724e-05,
        7.626441220054403e-05,
        7.069677667459473e-05,
        7.66591911087744e-05,
        8.039460954023525e-05,
        6.887509516673163e-05,
        7.377201109193265e-05,
        6.983671482885256e-05,
        7.485946116503328e-05,
        7.227442984003574e-05,
        7.337726856349036e-05,
        7.10553940734826e-05,
        7.009868568275124e-05,
        6.614004814764485e-05,
        7.627000741194934e-05,
        6.547671364387497e-05,
        7.639200339326635e-05,
        7.963599637150764e-05,
        6.34961761534214e-05,
        6.633910379605368e-05,
        6.009398202877492e-05,
        5.47651870874688e-05,
        6.367155583575368e-05,
        6.152910646051168e-05,
        6.959041638765484e-05
    ],
    "train_mse_price": [
        17588554.0,
        12249312.0,
        8128504.0,
        5282608.5,
        3310298.0,
        2233693.5,
        1478272.75,
        1073931.375,
        844513.4375,
        751741.0625,
        677193.125,
        649006.1875,
        565539.1875,
        564575.25,
        446001.78125,
        440325.5625,
        469500.15625,
        358529.75,
        361411.4375,
        300055.09375,
        315078.0,
        285631.1875,
        197530.171875,
        235973.28125,
        172478.78125,
        244617.375,
        142857.53125,
        198975.71875,
        158556.4375,
        141607.515625,
        176004.203125,
        150021.25,
        147014.859375,
        127224.2265625,
        126399.8203125,
        145586.828125,
        99488.5625,
        115641.109375,
        136889.375,
        109408.1796875,
        196807.515625,
        113106.328125,
        144333.21875,
        125579.1796875,
        120222.34375,
        89816.84375,
        111073.8984375,
        97759.4609375,
        106087.609375,
        118178.3671875,
        103021.3046875,
        102125.65625,
        122270.46875,
        82034.921875,
        177395.21875,
        113001.2578125,
        82312.1796875,
        84173.96875,
        98680.3984375,
        112726.5703125,
        71094.8359375,
        107599.5,
        90196.84375,
        91454.609375,
        67195.8984375,
        66266.6640625,
        74763.6640625,
        127106.0546875,
        89044.328125,
        90619.46875,
        70915.6171875,
        77245.25,
        93598.5859375,
        78779.3359375,
        75839.5,
        71543.109375,
        76771.015625,
        55787.50390625,
        56712.48046875,
        79242.4375,
        82501.359375
    ],