{
    "epoch": [
        1,
        2,
        3,
        4,
        5,
        6,
        7,
        8,
        9,
        10,
        11,
        12,
        13,
        14,
        15,
        16,
        17,
        18,
        19,
        20,
        21,
        22,
        23,
        24,
        25,
        26,
        27,
        28,
        29,
        30,
        31,
        32,
        33,
        34,
        35,
        36,
        37,
        38,
        39,
        40,
        41,
        42,
        43,
        44,
        45,
        46,
        47,
        48,
        49,
        50
    ],
    "train_mse_scaled": [
        0.001274805050343275,
        0.0006103942869231105,
        6.886934716021642e-05,
        8.053298370214179e-05,
        7.127161370590329e-05,
        0.00016465240332763642,
        5.108896584715694e-05,
        9.605384548194706e-05,
        0.0001720518193906173,
        7.830397225916386e-05,
        8.636248821858317e-05,
        6.976111035328358e-05,
        8.680071914568543e-05,
        9.865566971711814e-05,
        8.285498188342899e-05,
        5.2523919293889776e-05,
        3.107661541434936e-05,
        4.932812225888483e-05,
        6.584105722140521e-05,
        9.170979319605976e-05,
        4.372233888716437e-05,
        7.257267134264112e-05,
        1.1693989108607639e-05,
        9.301787940785289e-05,
        4.691527283284813e-05,
        1.661198984947987e-05,
        0.00012639760097954422,
        1.6173607946257107e-05,
        0.00010722625302150846,
        3.448803909122944e-05,
        0.00010735465912148356,
        1.9458590031717904e-05,
        6.954609125386924e-05,
        7.722630107309669e-05,
        1.8774549971567467e-05,
        6.530716200359166e-05,
        5.7990146160591394e-05,
        3.202456355211325e-05,
        7.443294452968985e-05,
        6.712971662636846e-05,
        7.090442522894591e-05,
        7.548100256826729e-06,
        8.968388283392414e-05,
        2.7148593289894052e-05,
        7.673131040064618e-05,
        1.2831774256483186e-05,
        7.558265497209504e-05,
        4.7802142944419757e-05,
        8.475081267533824e-05,
        7.642852142453194e-05
    ],
    "val_mse_scaled": [
        0.000217982436879538,
        8.088656613836065e-05,
        6.209572165971622e-05,
        1.3337520613276865e-05,
        1.798290031729266e-05,
        1.5757270375615917e-05,
        8.666498615639284e-06,
        2.1376723452704027e-05,
        1.2502837307692971e-05,
        2.4065453544608317e-05,
        5.834758212586166e-06,
        4.928812813886907e-06,
        0.00015363343118224293,
        1.0174078852287494e-05,
        9.372321073897183e-06,
        3.159427433274686e-05,
        3.868841668008827e-05,
        7.001301582931774e-06,
        3.606180598580977e-06,
        1.6494908777531236e-05,
        4.4243581214686856e-05,
        8.539652299077716e-06,
        1.8796314179780893e-05,
        6.124930223450065e-05,
        3.530237154336646e-05,
        9.624068297853228e-06,
        4.991600690118503e-06,
        5.3839030442759395e-05,
        9.427608165424317e-05,
        1.994606236621621e-06,
        9.073309229279403e-06,
        1.3364760889089666e-05,
        1.196330413222313e-05,
        1.5916306438157335e-05,
        3.568095735317911e-06,
        0.0002230048703495413,
        2.6378754682809813e-06,
        8.792147127678618e-06,
        8.44046280690236e-06,
        3.7586780763376737e-06,
        9.988423698814586e-06,
        7.803601874911692e-06,
        0.00033218078897334635,
        8.476816219626926e-06,
        1.0212747838522773e-05,
        6.196752110554371e-06,
        2.8750032470270526e-06,
        1.1858805009978823e-05,
        2.5039760203071637e-06,
        3.077744850088493e-06
    ],
    "train_mse_price": [
        49399.3359375,
        23653.078125,
        2668.72119140625,
        3120.693603515625,
        2761.810791015625,
        6380.36181640625,
        1979.723388671875,
        3722.134765625,
        6667.09228515625,
        3034.3173828125,
        3346.5888671875,
        2703.276611328125,
        3363.570556640625,
        3822.954833984375,
        3210.671630859375,
        2035.3272705078125,
        1204.234375,
        1911.489501953125,
        2551.373779296875,
        3553.799560546875,
        1694.26220703125,
        2812.226318359375,
        453.1479187011719,
        3604.48828125,
        1817.990234375,
        643.7228393554688,
        4897.96875,
        626.7351684570312,
        4155.06982421875,
        1336.4283447265625,
        4160.04541015625,
        754.0298461914062,
        2694.9443359375,
        2992.556396484375,
        727.523193359375,
        2530.68408203125,
        2247.1474609375,
        1240.967529296875,
        2884.313232421875,
        2601.310302734375,
        2747.58154296875,
        292.4925537109375,
        3475.294921875,
        1052.0216064453125,
        2973.37548828125,
        497.23748779296875,
        2928.865478515625,
        1852.356201171875,
        3284.135986328125,
        2961.64306640625
    ],
    "val_mse_price": [
        8446.9296875,
        3134.394775390625,
        2406.240234375,
        516.835693359375,
        696.846435546875,
        610.6021728515625,
        335.8311462402344,
        828.3588256835938,
        484.4912414550781,
        932.5482177734375,
        226.0998077392578,
        190.99400329589844,
        5953.3720703125,
        394.250732421875,
        363.18212890625,
        1224.2939453125,
        1499.195556640625,
        271.3040466308594,
        139.7413330078125,
        639.1859741210938,
        1714.4609375,
        330.91583251953125,
        728.36669921875,
        2373.44140625,
        1367.984619140625,
        372.9375305175781,
        193.4270782470703,
        2086.289306640625,
        3653.24560546875,
        77.29200744628906,
        351.5953369140625,
        517.8912353515625,
        463.5840759277344,
        616.7650146484375,
        138.2655029296875,
        8641.5498046875,
        102.21903991699219,
        340.7001647949219,
        327.0721740722656,
        145.65066528320312,
        387.0564880371094,
        302.39349365234375,
        12872.169921875,
        328.4809265136719,
        395.7491149902344,
        240.1272430419922,
        111.40782165527344,
        459.53466796875,
        97.03031921386719,
        119.2641830444336
    ],
    "train_mae_price": [
        55.187843322753906,
        47.632530212402344,
        21.682199478149414,
        19.726154327392578,
        22.326339721679688,
        28.75664520263672,
        19.785442352294922,
        24.709815979003906,
        24.569406509399414,
        21.783836364746094,
        21.040367126464844,
        20.43178367614746,
        23.01250457763672,
        23.77422332763672,
        25.463991165161133,
        18.14016342163086,
        17.360681533813477,
        19.902267456054688,
        21.130952835083008,
        21.264009475708008,
        18.794710159301758,
        23.08476448059082,
        12.539531707763672,
        18.579025268554688,
        19.287282943725586,
        13.49995231628418,
        22.013776779174805,
        11.261083602905273,
        25.663471221923828,
        13.921356201171875,
        21.250904083251953,
        13.590231895446777,
        16.19868278503418,
        20.86562156677246,
        11.49986743927002,
        15.636331558227539,
        18.01712989807129,
        14.692160606384277,
        16.30084800720215,
        16.36377716064453,
        15.193071365356445,
        7.711770534515381,
        20.024696350097656,
        11.596872329711914,
        17.629619598388672,
        10.980311393737793,
        12.210187911987305,
        14.32533073425293,
        23.936979293823242,
        16.334983825683594
    ],