{
    "epoch": [
        1,
        2,
        3,
        4,
        5,
        6,
        7,
        8,
        9,
        10,
        11,
        12,
        13,
        14,
        15,
        16,
        17,
        18,
        19,
        20,
        21,
        22,
        23,
        24,
        25,
        26,
        27,
        28,
        29,
        30,
        31,
        32,
        33,
        34,
        35,
        36,
        37,
        38,
        39,
        40,
        41,
        42,
        43,
        44,
        45,
        46,
        47,
        48,
        49,
        50,
        51,
        52,
        53,
        54,
        55,
        56,
        57,
        58,
        59,
        60,
        61
    ],
    "train_mse_scaled": [
        0.059641361236572266,
        0.059097763150930405,
        0.05853046104311943,
        0.05805017426609993,
        0.05746489390730858,
        0.05684012174606323,
        0.0562848336994648,
        0.055770862847566605,
        0.05519450828433037,
        0.05475553125143051,
        0.05435188487172127,
        0.05392288789153099,
        0.05352213606238365,
        0.053116727620363235,
        0.05286424607038498,
        0.0524342842400074,
        0.05208933353424072,
        0.05173112824559212,
        0.05142639949917793,
        0.0510474257171154,
        0.05067529156804085,
        0.0503653809428215,
        0.049973320215940475,
        0.049616988748311996,
        0.0492897666990757,
        0.049018677324056625,
        0.04855446144938469,
        0.048238325864076614,
        0.047883886843919754,
        0.04750857502222061,
        0.04715503007173538,
        0.04675925895571709,
        0.04629438742995262,
        0.04588260129094124,
        0.0454576276242733,
        0.04487008601427078,
        0.044329266995191574,
        0.04378627613186836,
        0.04323460906744003,
        0.04257464036345482,
        0.0420035682618618,
        0.04152735322713852,
        0.04075111821293831,
        0.04023522138595581,
        0.0395108126103878,
        0.03886879235506058,
        0.03829427435994148,
        0.037605319172143936,
        0.03706807643175125,
        0.03631864860653877,
        0.03572918102145195,
        0.0349714495241642,
        0.03433401137590408,
        0.03369532525539398,
        0.03305814042687416,
        0.03229459002614021,
        0.031793899834156036,
        0.03091561794281006,
        0.030346235260367393,
        0.02971900999546051,
        0.02895696461200714
    ],
    "val_mse_scaled": [
        0.011666562408208847,
        0.01187848299741745,
        0.012055227532982826,
        0.01229940541088581,
        0.012477557174861431,
        0.012627754360437393,
        0.01284937933087349,
        0.013069712556898594,
        0.013264380395412445,
        0.013463729992508888,
        0.013646872714161873,
        0.013839781284332275,
        0.014029046520590782,
        0.014157994650304317,
        0.014378798194229603,
        0.01446595974266529,
        0.014558611437678337,
        0.014648089185357094,
        0.014836572110652924,
        0.01495602447539568,
        0.015044307336211205,
        0.01520407386124134,
        0.015233637765049934,
        0.015345069579780102,
        0.015415869653224945,
        0.015501538291573524,
        0.015564888715744019,
        0.015562520362436771,
        0.0156211843714118,
        0.01568210870027542,
        0.015741240233182907,
        0.01578710786998272,
        0.01570947840809822,
        0.015739161521196365,
        0.015884358435869217,
        0.01580166071653366,
        0.015842262655496597,
        0.015827957540750504,
        0.015896888449788094,
        0.01585303246974945,
        0.015789328143000603,
        0.015999024733901024,
        0.01584012806415558,
        0.015931248664855957,
        0.01588853821158409,
        0.015878882259130478,
        0.015852946788072586,
        0.015712503343820572,
        0.015797385945916176,
        0.01575467176735401,
        0.01572502963244915,
        0.015590257942676544,
        0.01548155490309,
        0.015425190329551697,
        0.015280187129974365,
        0.015095018781721592,
        0.015138981863856316,
        0.014879769645631313,
        0.01477938424795866,
        0.01478621270507574,
        0.014406383037567139
    ],
    "train_mse_price": [
        273.8359680175781,
        271.3400573730469,
        268.7353515625,
        266.53021240234375,
        263.84295654296875,
        260.974365234375,
        258.4248352050781,
        256.0650329589844,
        253.41879272460938,
        251.4032440185547,
        249.54994201660156,
        247.58029174804688,
        245.74024963378906,
        243.87889099121094,
        242.71963500976562,
        240.7455291748047,
        239.16172790527344,
        237.51710510253906,
        236.11795043945312,
        234.3779296875,
        232.66929626464844,
        231.24642944335938,
        229.44627380371094,
        227.81027221679688,
        226.307861328125,
        225.063232421875,
        222.9318084716797,
        221.48033142089844,
        219.85292053222656,
        218.1297607421875,
        216.50650024414062,
        214.68936157226562,
        212.5549774169922,
        210.6642608642578,
        208.71304321289062,
        206.01547241210938,
        203.5323486328125,
        201.0392303466797,
        198.50637817382812,
        195.4761962890625,
        192.85421752929688,
        190.66769409179688,
        187.1037139892578,
        184.7350616455078,
        181.4089813232422,
        178.46121215820312,
        175.82345581054688,
        172.66017150878906,
        170.1934814453125,
        166.75259399414062,
        164.04611206054688,
        160.5670928955078,
        157.640380859375,
        154.70790100097656,
        151.7823486328125,
        148.2766571044922,
        145.97775268554688,
        141.9452362060547,
        139.3309783935547,
        136.45115661621094,
        132.9523162841797
    ],
    "val_mse_price": [
        53.565582275390625,
        54.5385856628418,
        55.35009002685547,
        56.47120666503906,
        57.28916931152344,
        57.97877502441406,
        58.99634552001953,
        60.007972717285156,
        60.901771545410156,
        61.817054748535156,
        62.657936096191406,
        63.54365539550781,
        64.41264343261719,
        65.00467681884766,
        66.01847839355469,
        66.41867065429688,
        66.84407043457031,
        67.25489044189453,
        68.12029266357422,
        68.66874694824219,
        69.07408142089844,
        69.80762481689453,
        69.943359375,
        70.45498657226562,
        70.78005981445312,
        71.17340087890625,
        71.46427154541016,
        71.45338439941406,
        71.72274017333984,
        72.00247192382812,
        72.27395629882812,
        72.48455047607422,
        72.12812805175781,
        72.26441955566406,
        72.93107604980469,
        72.55137634277344,
        72.73779296875,
        72.672119140625,
        72.98860168457031,
        72.7872543334961,
        72.4947509765625,
        73.45753479003906,
        72.72799682617188,
        73.1463623046875,
        72.95027923583984,
        72.90591430664062,
        72.78684997558594,
        72.14201354980469,
        72.53174591064453,
        72.33563232421875,
        72.19953155517578,
        71.58073425292969,
        71.0816421508789,
        70.82286071777344,
        70.15709686279297,
        69.30691528320312,
        69.5087661743164,
        68.31863403320312,
        67.85772705078125,
        67.88907623291016,
        66.14512634277344
    ],