{
    "epoch": [
        1,
        2,
        3,
        4,
        5,
        6,
        7,
        8,
        9,
        10,
        11,
        12,
        13,
        14,
        15,
        16,
        17,
        18,
        19,
        20,
        21,
        22,
        23,
        24,
        25,
        26,
        27,
        28,
        29,
        30,
        31,
        32,
        33,
        34,
        35,
        36,
        37,
        38,
        39,
        40,
        41,
        42,
        43,
        44,
        45,
        46,
        47,
        48,
        49,
        50,
        51,
        52,
        53,
        54,
        55,
        56,
        57,
        58,
        59,
        60,
        61,
        62,
        63,
        64,
        65,
        66,
        67,
        68,
        69,
        70
    ],
    "train_mse_scaled": [
        0.100319504737854,
        0.09901541471481323,
        0.09775465726852417,
        0.09650150686502457,
        0.09540362656116486,
        0.09430862963199615,
        0.09318387508392334,
        0.092338427901268,
        0.09131639450788498,
        0.0904381275177002,
        0.08947458118200302,
        0.08854730427265167,
        0.08749992400407791,
        0.08649799972772598,
        0.08518294990062714,
        0.08407046645879745,
        0.08264105021953583,
        0.08138180524110794,
        0.07982909679412842,
        0.07842167466878891,
        0.07670377194881439,
        0.07520763576030731,
        0.07354946434497833,
        0.07147341221570969,
        0.06991618871688843,
        0.06780042499303818,
        0.06628402322530746,
        0.06406145542860031,
        0.06230880692601204,
        0.06067401170730591,
        0.05858132243156433,
        0.05672239512205124,
        0.054796960204839706,
        0.05284937843680382,
        0.050863441079854965,
        0.04874642938375473,
        0.04684900492429733,
        0.0446961335837841,
        0.04275580868124962,
        0.04082178324460983,
        0.039090998470783234,
        0.03708817437291145,
        0.03564219921827316,
        0.033965855836868286,
        0.03275303915143013,
        0.030812783166766167,
        0.02954857610166073,
        0.028215566650032997,
        0.027137620374560356,
        0.025958072394132614,
        0.025233745574951172,
        0.024083932861685753,
        0.02318168804049492,
        0.02235204353928566,
        0.02173614501953125,
        0.020886635407805443,
        0.020385155454277992,
        0.019737018272280693,
        0.019165778532624245,
        0.018764270469546318,
        0.018163759261369705,
        0.017792435362935066,
        0.017446056008338928,
        0.017127595841884613,
        0.016659850254654884,
        0.01647101901471615,
        0.016189586371183395,
        0.015688838437199593,
        0.015585309825837612,
        0.0151298176497221
    ],
    "val_mse_scaled": [
        0.0005647962680086493,
        0.00047304865438491106,
        0.0003879304858855903,
        0.00032222509616985917,
        0.0002646892098709941,
        0.00022210675524547696,
        0.0001945992116816342,
        0.0001716520346235484,
        0.00016241222328972071,
        0.00016043738287407905,
        0.00016517314361408353,
        0.000178591362782754,
        0.00020090655016247183,
        0.0002367699344176799,
        0.00027687192778103054,
        0.000337761826813221,
        0.000402734411181882,
        0.0004994141636416316,
        0.0005998243577778339,
        0.0007325834012590349,
        0.0008716396987438202,
        0.0010540365474298596,
        0.0012614969164133072,
        0.0014392670709639788,
        0.0017405847320333123,
        0.002012762939557433,
        0.0024007190950214863,
        0.002679174765944481,
        0.0030609392561018467,
        0.003557356307283044,
        0.003987404052168131,
        0.004501886200159788,
        0.005017557181417942,
        0.005626076366752386,
        0.006258625537157059,
        0.006911557167768478,
        0.007682628929615021,
        0.008376949466764927,
        0.009196033701300621,
        0.009958862327039242,
        0.01086035743355751,
        0.011597014963626862,
        0.012499623000621796,
        0.012802449986338615,
        0.01425313949584961,
        0.014966999180614948,
        0.015565467067062855,
        0.01634281873703003,
        0.017139330506324768,
        0.017779693007469177,
        0.018880516290664673,
        0.019419489428400993,
        0.019855672493577003,
        0.020268628373742104,
        0.02090402878820896,
        0.021195976063609123,
        0.021247010678052902,
        0.021633723750710487,
        0.021880436688661575,
        0.02242250367999077,
        0.0224157702177763,
        0.022707253694534302,
        0.022726168856024742,
        0.023169655352830887,
        0.02290177159011364,
        0.022917749360203743,
        0.0229063481092453,
        0.022819124162197113,
        0.023225467652082443,
        0.02285655587911606
    ],
    "train_mse_price": [
        460.6045837402344,
        454.6170349121094,
        448.82843017578125,
        443.07470703125,
        438.033935546875,
        433.00640869140625,
        427.84228515625,
        423.96051025390625,
        419.26788330078125,
        415.23553466796875,
        410.8115234375,
        406.5540466308594,
        401.7450866699219,
        397.14483642578125,
        391.10699462890625,
        385.9991760253906,
        379.4361267089844,
        373.65447998046875,
        366.52545166015625,
        360.0633850097656,
        352.1759338378906,
        345.3064880371094,
        337.6933288574219,
        328.1612854003906,
        321.0115661621094,
        311.29730224609375,
        304.3348693847656,
        294.1302795410156,
        286.0831604003906,
        278.57720947265625,
        268.9688720703125,
        260.4338684082031,
        251.5934600830078,
        242.65138244628906,
        233.53321838378906,
        223.81320190429688,
        215.10145568847656,
        205.2167510986328,
        196.30799865722656,
        187.4281463623047,
        179.4814453125,
        170.28579711914062,
        163.64675903320312,
        155.9500274658203,
        150.3815155029297,
        141.4730682373047,
        135.6686248779297,
        129.5482940673828,
        124.59900665283203,
        119.18327331542969,
        115.85765075683594,
        110.57841491699219,
        106.43584442138672,
        102.62664031982422,
        99.79881286621094,
        95.89842224121094,
        93.59590911865234,
        90.62006378173828,
        87.99730682373047,
        86.15380859375,
        83.39665222167969,
        81.6917724609375,
        80.10139465332031,
        78.63922882080078,
        76.49163818359375,
        75.62464141845703,
        74.33248138427734,
        72.03336334228516,
        71.55802917480469,
        69.46668243408203
    ],