{
    "epoch": [
        1,
        2,
        3,
        4,
        5,
        6,
        7,
        8,
        9,
        10,
        11,
        12,
        13,
        14,
        15,
        16,
        17,
        18,
        19,
        20,
        21,
        22,
        23,
        24,
        25,
        26,
        27,
        28,
        29,
        30,
        31,
        32,
        33,
        34,
        35,
        36,
        37,
        38,
        39,
        40,
        41,
        42,
        43,
        44,
        45,
        46,
        47,
        48,
        49,
        50,
        51,
        52,
        53,
        54,
        55,
        56,
        57,
        58,
        59,
        60,
        61,
        62,
        63,
        64,
        65,
        66,
        67,
        68,
        69,
        70,
        71,
        72,
        73,
        74,
        75,
        76,
        77,
        78,
        79,
        80,
        81,
        82,
        83
    ],
    "train_mse_scaled": [
        0.0054883225820958614,
        0.001396350678987801,
        0.0012544338824227452,
        0.0011151747312396765,
        0.0009541804902255535,
        0.0008059951942414045,
        0.0006530963000841439,
        0.0005100886919535697,
        0.00041478732600808144,
        0.0003406443865969777,
        0.0002815545303747058,
        0.0002440160751575604,
        0.00021116012067068368,
        0.00018394389189779758,
        0.00015960969903972,
        0.0001368811063002795,
        0.00012125726061640307,
        0.00010678231774363667,
        9.253169992007315e-05,
        8.565987809561193e-05,
        7.946164987515658e-05,
        7.311323861358687e-05,
        6.307236617431045e-05,
        5.450468233902939e-05,
        6.427394691854715e-05,
        5.249387686490081e-05,
        4.903594162897207e-05,
        4.575730417855084e-05,
        4.0883551264414564e-05,
        3.704808113980107e-05,
        3.589996777009219e-05,
        3.0129314836813137e-05,
        3.4850141673814505e-05,
        3.084620402660221e-05,
        3.10898685711436e-05,
        2.737830982368905e-05,
        2.4943328753579408e-05,
        2.564531496318523e-05,
        2.2291262212092988e-05,
        2.2516074750456028e-05,
        1.8668846678338014e-05,
        2.4224411390605383e-05,
        1.831672852858901e-05,
        1.7211381418746896e-05,
        2.035772558883764e-05,
        1.615469591342844e-05,
        1.5787103620823473e-05,
        1.664447336224839e-05,
        1.8253142116009258e-05,
        1.5209452612907626e-05,
        1.3716829016630072e-05,
        1.5015446479083039e-05,
        1.5408655599458143e-05,
        1.4446492969000246e-05,
        1.229810277436627e-05,
        1.1361593351466581e-05,
        1.2598362445714884e-05,
        1.062187675415771e-05,
        9.361947377328761e-06,
        1.1731783160939813e-05,
        8.515752597304527e-06,
        1.0107160960615147e-05,
        1.0776314411486965e-05,
        1.0152426511922386e-05,
        9.528838745609391e-06,
        9.577124728821218e-06,
        9.944464181899093e-06,
        8.639715815661475e-06,
        7.4522372415231075e-06,
        7.179161912063137e-06,
        9.194877748086583e-06,
        9.238272468792275e-06,
        9.507568393019028e-06,
        7.036460374365561e-06,
        9.901835255732294e-06,
        9.64594892138848e-06,
        7.246776021929691e-06,
        1.1256734069320373e-05,
        8.718920980754774e-06,
        8.316111234307755e-06,
        1.0183597623836249e-05,
        7.583057595184073e-06,
        8.272700142697431e-06
    ],
    "val_mse_scaled": [
        0.00011711491970345378,
        7.733867823844776e-05,
        6.42869490548037e-05,
        5.337805123417638e-05,
        4.2847550503211096e-05,
        2.8707167075481266e-05,
        2.1566585928667337e-05,
        8.346033609996084e-06,
        2.646894245117437e-06,
        1.0536781474002055e-06,
        1.4997783637227258e-06,
        1.4122039146968746e-06,
        1.054122662935697e-06,
        8.27930421110068e-07,
        6.352547188726021e-06,
        8.335707093465317e-07,
        8.382159535358369e-07,
        8.290919595310697e-07,
        7.98882638264331e-07,
        8.069121690823522e-07,
        4.429666205396643e-06,
        8.042615604608727e-07,
        7.321129373849544e-07,
        1.0507388878977508e-06,
        7.840840794415271e-07,
        8.992585662781494e-07,
        1.1342713150952477e-06,
        1.4676513728772989e-06,
        8.751729296818667e-07,
        1.382410232508846e-06,
        2.0497743662417633e-06,
        1.977830834221095e-06,
        1.6928394188653328e-06,
        1.262094201592845e-06,
        2.8380684398143785e-06,
        1.7157697129732696e-06,
        2.9178404474805575e-06,
        1.5360408269771142e-06,
        1.8064066580336657e-06,
        1.7897672250910546e-06,
        1.8625562461238587e-06,
        2.22818289330462e-06,
        2.035521220022929e-06,
        1.5921117437756038e-06,
        3.0671719741803827e-06,
        2.6791292384586995e-06,
        5.599042196990922e-06,
        5.337527909432538e-06,
        3.572378091121209e-06,
        3.227263505323208e-06,
        2.5669573915365618e-06,
        3.3494945910206297e-06,
        2.999202934006462e-06,
        2.6763791538542137e-06,
        4.076982804690488e-06,
        1.0289039892086294e-05,
        3.898160230164649e-06,
        2.265149078084505e-06,
        4.947016805090243e-06,
        1.2267167221580166e-05,
        4.926294423057698e-06,
        3.6320941489975667e-06,
        3.075730319324066e-06,
        3.780122824537102e-06,
        2.3160043838288402e-06,
        2.3835371393943205e-05,
        3.982566795457387e-06,
        4.5955398491059896e-06,
        2.0729426069010515e-06,
        3.4355316529399715e-06,
        3.2447096600662917e-06,
        3.986221145169111e-06,
        3.949764050048543e-06,
        1.6039872434703284e-06,
        3.677410404634429e-06,
        2.3358927592198597e-06,
        3.690183802973479e-06,
        2.7308610697218683e-06,
        3.147428969896282e-06,
        1.980964725589729e-06,
        2.521666147003998e-06,
        6.617183771595592e-06,
        4.571001227304805e-06
    ],