{
    "epoch": [
        1,
        2,
        3,
        4,
        5,
        6,
        7,
        8,
        9,
        10,
        11,
        12,
        13,
        14,
        15,
        16,
        17,
        18,
        19,
        20,
        21,
        22,
        23,
        24,
        25,
        26,
        27,
        28,
        29,
        30,
        31,
        32,
        33,
        34,
        35,
        36,
        37,
        38,
        39,
        40,
        41,
        42,
        43,
        44,
        45,
        46,
        47,
        48,
        49,
        50,
        51,
        52
    ],
    "train_mse_scaled": [
        0.028423688735745776,
        0.009348861678512314,
        0.006654464799731585,
        0.0058468112914300515,
        0.005504484010369365,
        0.005346452808960023,
        0.005288245625971752,
        0.0052601047919395155,
        0.005258493316642078,
        0.005260743282320146,
        0.0052591354047610206,
        0.005255154396007378,
        0.005250352085820695,
        0.005243865719756981,
        0.0052364150925111996,
        0.005226507191649509,
        0.005214825567142192,
        0.005207750631259491,
        0.005195213400984738,
        0.005182334229534351,
        0.005169153598484621,
        0.005155060010653832,
        0.005140757680766404,
        0.005127364928135909,
        0.005114637191125363,
        0.0051002853665045025,
        0.005088528712138893,
        0.005076216913683526,
        0.005064327723599656,
        0.005053005514575369,
        0.005041295839382079,
        0.00503191276726741,
        0.00501713035906464,
        0.005004899826282998,
        0.004994055719700756,
        0.004982174333709155,
        0.004970343726441238,
        0.00495747244545508,
        0.004943959632999071,
        0.004931930547024275,
        0.004918355954301334,
        0.004905593146694876,
        0.0048951347714970336,
        0.00488265139799472,
        0.004867632381275528,
        0.0048565880636783736,
        0.004842756379875851,
        0.004827217366201192,
        0.004813421227161292,
        0.0047991422719413975,
        0.0047858025549484965,
        0.004771003862791137
    ],
    "val_mse_scaled": [
        0.003244181647799138,
        0.0031514376297401723,
        0.002986987378536021,
        0.002878206107700809,
        0.002803942199077891,
        0.0027515241940090805,
        0.0027052630209539073,
        0.0026721087469466554,
        0.0026523411542009436,
        0.002640974625572312,
        0.002635094980044528,
        0.002634171679193287,
        0.002634933788010585,
        0.002638495540404051,
        0.0026437149458342635,
        0.002650585548083395,
        0.002658212704125873,
        0.002668291827845337,
        0.002677383639697517,
        0.0026902822356676737,
        0.0027059587697735752,
        0.002719890623461163,
        0.0027313610823034517,
        0.002742550547522393,
        0.0027402439126259282,
        0.0027566263316369357,
        0.002755229021874328,
        0.002764320351819549,
        0.0027689482690846034,
        0.002768374569476606,
        0.0027755456454823246,
        0.0027700570776206133,
        0.0027725258338477943,
        0.0027766246273028374,
        0.0027725212996731587,
        0.0027740427759894715,
        0.0027712797662900355,
        0.0027677697445540163,
        0.0027702495905089107,
        0.0027679533265683176,
        0.0027684547830631344,
        0.0027685459262755787,
        0.002770323858431567,
        0.0027655906060815028,
        0.0027648680186814546,
        0.0027622183157035352,
        0.002758053089899448,
        0.0027549128837492274,
        0.002751097798600499,
        0.0027467256902709903,
        0.0027425896736521073,
        0.0027389400084587567
    ],
    "train_mse_price": [
        0.001876616554748532,
        0.0006172396912873568,
        0.00043934758455069044,
        0.00038602389415140113,
        0.00036342242521751774,
        0.00035298873644503027,
        0.0003491457226739539,
        0.0003472877821479693,
        0.0003471813895044653,
        0.0003473299369194751,
        0.00034722378174707524,
        0.0003469609427720992,
        0.0003466438806980045,
        0.0003462156287610551,
        0.0003457237174016853,
        0.0003450695702903949,
        0.00034429831203400415,
        0.00034383120486559504,
        0.0003430034593701549,
        0.0003421531365180065,
        0.00034128291321645904,
        0.00034035241203337637,
        0.0003394081314992719,
        0.0003385239012628459,
        0.000337683579013015,
        0.00033673602844821955,
        0.0003359598167139616,
        0.00033514695781954555,
        0.00033436199627366527,
        0.0003336144708025515,
        0.00033284136363475616,
        0.0003322218642172088,
        0.0003312458862816729,
        0.00033043839052245325,
        0.000329722430207913,
        0.00032893798601218825,
        0.00032815689433453174,
        0.00032730709278859906,
        0.000326414936401028,
        0.0003256207421516062,
        0.0003247245063703667,
        0.00032388186719914863,
        0.0003231913747764609,
        0.0003223671828185073,
        0.00032137558506458846,
        0.00032064640529562243,
        0.0003197331987013961,
        0.00031870726282781593,
        0.00031779640099087014,
        0.0003168536653286786,
        0.0003159729333218704,
        0.00031499588188463643
    ],
    "val_mse_price": [
        0.00021419052934675453,
        0.00020806729758988032,
        0.00019720980357363426,
        0.00019002773990226966,
        0.00018512461652752128,
        0.0001816638228443608,
        0.00017860952283077955,
        0.00017642057915703732,
        0.00017511546497625018,
        0.00017436501440584482,
        0.00017397682108122328,
        0.00017391586313446035,
        0.0001739661781108377,
        0.00017420133577277012,
        0.00017454593662426362,
        0.00017499955500452526,
        0.000175503124580503,
        0.00017616857668146247,
        0.00017676884606998366,
        0.00017762044949894167,
        0.00017865546038618033,
        0.00017957528464623447,
        0.00018033259838838158,
        0.00018107136138249916,
        0.0001809190684406643,
        0.00018200068653874283,
        0.0001819084307010311,
        0.00018250866691551243,
        0.00018281421511695214,
        0.00018277633992752566,
        0.00018324979491742555,
        0.0001828874224648665,
        0.00018305041779552992,
        0.00018332103274439692,
        0.00018305011923278844,
        0.00018315057256411052,
        0.0001829681489413659,
        0.00018273640735337485,
        0.00018290013428320963,
        0.00018274852812344246,
        0.00018278163755884716,
        0.0001827876525800465,
        0.00018290503813275712,
        0.0001825925349900378,
        0.00018254482673950228,
        0.00018236988595778211,
        0.00018209488415118618,
        0.0001818875589977093,
        0.0001816356760175099,
        0.00018134701600888483,
        0.00018107394411516654,
        0.00018083298309401057
    ],