{
    "epoch": [
        1,
        2,
        3,
        4,
        5,
        6,
        7,
        8,
        9,
        10,
        11,
        12,
        13,
        14,
        15,
        16,
        17,
        18,
        19,
        20,
        21,
        22,
        23,
        24,
        25,
        26,
        27,
        28,
        29,
        30,
        31,
        32,
        33,
        34,
        35,
        36,
        37,
        38,
        39,
        40,
        41,
        42,
        43,
        44,
        45,
        46,
        47,
        48,
        49,
        50,
        51,
        52,
        53,
        54,
        55,
        56,
        57,
        58,
        59,
        60,
        61,
        62,
        63,
        64,
        65,
        66,
        67,
        68,
        69,
        70,
        71,
        72,
        73,
        74,
        75,
        76
    ],
    "train_mse_scaled": [
        1.027584902159973,
        1.0097347031014736,
        0.9729382200852115,
        0.9628750124712984,
        0.9484851487118988,
        0.9269117337940612,
        0.9167030399458527,
        0.9098986118392158,
        0.8985768885046385,
        0.8747661201688516,
        0.8339849001858357,
        0.8127389899842562,
        0.7742823553765319,
        0.7492749076727994,
        0.7289570683089207,
        0.7172132541166029,
        0.6909518716133279,
        0.6546952677826222,
        0.662059929922383,
        0.6289427905544985,
        0.5727614983569481,
        0.5566038706188287,
        0.5632108729134256,
        0.5393420362577979,
        0.5147862491964964,
        0.48974942317841497,
        0.4511955056146845,
        0.45504354642738243,
        0.4529950211810995,
        0.4817841497118546,
        0.4788329304806943,
        0.44274575027411617,
        0.4505545150599227,
        0.44633358351860924,
        0.38534587751300836,
        0.46261296047516876,
        0.48816367975466324,
        0.38632586009069153,
        0.3622557861866673,
        0.33071671607276937,
        0.3214598616998365,
        0.3093033087834848,
        0.28941507855649,
        0.2904116685199913,
        0.26007054599051127,
        0.29030112340778164,
        0.38951648956092016,
        0.5403959182852996,
        0.37427701657168894,
        0.26877137541553603,
        0.2485719479848634,
        0.2025628346039194,
        0.21748044532908492,
        0.18855160692130118,
        0.19075115490467326,
        0.46769871437920263,
        0.31260657435082956,
        0.1580493779806051,
        0.13140667929854585,
        0.12630952273774976,
        0.13942119783120271,
        0.11421205877520606,
        0.17913196518401753,
        0.27715060780458733,
        0.14780239642109658,
        0.14925127703530042,
        0.14366068904492235,
        0.12171858451720619,
        0.10379145587818857,
        0.11112737872514786,
        0.1200873780035762,
        0.1104492567072648,
        0.10730461769518096,
        0.11164882051265443,
        0.1412681670766994,
        0.19195527440391982
    ],
    "val_mse_scaled": [
        0.9099384202388416,
        0.9125017755023481,
        0.9130029001165755,
        0.9295831522720426,
        0.9054465963910423,
        0.9342302040929028,
        0.9148479762863224,
        0.9505073626037651,
        0.9249027277882516,
        0.9246861291926157,
        0.8937193623546941,
        0.9317126762090573,
        0.9001815191687246,
        0.9595259559724721,
        1.1212312315286768,
        0.9274378166102355,
        0.9398706983275378,
        1.000464111101442,
        1.0065941512900298,
        0.9438686961276779,
        0.9926828174480201,
        0.9804759334611635,
        1.0050426323365313,
        0.9005222085375303,
        0.9903131463103748,
        1.0066019357182086,
        0.9308540862324522,
        0.978303923717109,
        0.9407992693103062,
        0.9972471452394809,
        1.1685209428352,
        1.2123676140564874,
        1.090165615141394,
        1.0574193224050619,
        0.9231421160332572,
        0.8913211527532398,
        0.9556001575340185,
        1.0030897925307203,
        0.9402923978195759,
        1.1815460344413833,
        1.0485805574224707,
        1.0089630782973613,
        1.3818934781334415,
        1.4482256136431646,
        1.1451468947438674,
        1.133369274319333,
        0.9097059141853466,
        1.006353982267823,
        1.064786376666094,
        1.0140321298654622,
        1.007802721281433,
        1.1580486881570182,
        1.3387901612310928,
        1.1016013162570744,
        0.9846272609008268,
        1.1173809702068656,
        1.0480675769572372,
        1.191384766480881,
        1.2043819551254273,
        1.198841422661924,
        1.2783801975086204,
        1.061880443652696,
        0.9550363322996418,
        1.2119973401109188,
        1.07184049842499,
        1.5514225293849806,
        1.431691514290623,
        1.184746949435298,
        1.09365141311897,
        1.3733301022375075,
        1.5458789211755244,
        1.1407597441709816,
        1.8224883490256616,
        1.182518188783993,
        0.9159076072660705,
        1.097165706832759
    ],
    "train_mse_price": [
        0.0006736650383723744,
        0.0006619627859681475,
        0.0006378397065079666,
        0.00063124247018097,
        0.000621808753075904,
        0.000607665627718882,
        0.0006009730044524324,
        0.0005965121541649108,
        0.0005890898412524313,
        0.0005734799618534531,
        0.0005467445708998114,
        0.0005328161637120556,
        0.0005076047269344645,
        0.0004912103239686908,
        0.0004778903313198526,
        0.0004701913084435619,
        0.0004529748371607407,
        0.00042920571216606207,
        0.000434033842119279,
        0.0004123228758563914,
        0.0003754914908553376,
        0.0003648988673346167,
        0.0003692302881942766,
        0.00035358233902143095,
        0.00033748402778914646,
        0.0003210703692069938,
        0.00029579515254435883,
        0.0002983178612526289,
        0.00029697488001975074,
        0.0003158484816812495,
        0.0003139137189612729,
        0.0002902556527122286,
        0.00029537493152700646,
        0.0002926077750174339,
        0.0002526254008244983,
        0.00030328022006673595,
        0.00032003078897675774,
        0.0002532678467959831,
        0.00023748797012807625,
        0.0002168115600827047,
        0.00021074294227379196,
        0.00020277333866501102,
        0.00018973499955326735,
        0.0001903883444128531,
        0.0001704972832372989,
        0.00019031587254155998,
        0.0002553595745174479,
        0.00035427324451759394,
        0.0002453688701260165,
        0.00017620137913215627,
        0.0001629590217679534,
        0.00013279632447175398,
        0.00014257602730716927,
        0.00012361082963542795,
        0.0001250528130415481,
        0.00030661434551130796,
        0.00020493890470877534,
        0.0001036141513583253,
        8.614771025873975e-05,
        8.280610874458985e-05,
        9.140187378458709e-05,
        7.487524530983758e-05,
        0.00011743549695545192,
        0.0001816946425860176,
        9.689642634333889e-05,
        9.784628834622656e-05,
        9.418120277298799e-05,
        7.979637802866318e-05,
        6.804369574151443e-05,
        7.285298638005191e-05,
        7.872699159286941e-05,
        7.240842434508656e-05,
        7.034685812283685e-05,
        7.319483396190491e-05,
        9.261271062454231e-05,
        0.00012584221113598118
    ],