{
    "epoch": [
        1,
        2,
        3,
        4,
        5,
        6,
        7,
        8,
        9,
        10,
        11,
        12,
        13,
        14,
        15,
        16,
        17,
        18,
        19,
        20,
        21,
        22,
        23,
        24,
        25,
        26,
        27,
        28,
        29,
        30,
        31,
        32,
        33,
        34,
        35,
        36,
        37,
        38,
        39,
        40,
        41,
        42,
        43,
        44,
        45,
        46,
        47,
        48,
        49,
        50,
        51,
        52,
        53,
        54,
        55,
        56,
        57,
        58,
        59,
        60,
        61
    ],
    "train_mse_scaled": [
        0.0006376855890266597,
        0.0002323238441022113,
        0.00017534189100842923,
        0.00010739628487499431,
        8.125921158352867e-05,
        0.00010485540406079963,
        7.004872895777225e-05,
        6.0748243413399905e-05,
        6.980768375797197e-05,
        5.848298314958811e-05,
        6.684113759547472e-05,
        5.546055035665631e-05,
        4.9937742005568e-05,
        5.334305751603097e-05,
        6.937266880413517e-05,
        5.2225117542548105e-05,
        5.181444066693075e-05,
        4.5905628212494776e-05,
        4.818314846488647e-05,
        5.284096550894901e-05,
        5.428248186944984e-05,
        4.747574348584749e-05,
        5.204320405027829e-05,
        5.169609357835725e-05,
        4.181752956355922e-05,
        4.536671258392744e-05,
        5.193757897359319e-05,
        4.23370256612543e-05,
        4.447752144187689e-05,
        4.648048343369737e-05,
        3.336538793519139e-05,
        4.273967715562321e-05,
        4.9157872126670554e-05,
        3.882580131175928e-05,
        4.4951568270334974e-05,
        3.590948836063035e-05,
        3.6659093893831596e-05,
        3.4725890145637095e-05,
        3.735299105755985e-05,
        3.467568603809923e-05,
        3.1476047297474e-05,
        3.238890349166468e-05,
        5.4260071919998154e-05,
        3.537378870532848e-05,
        4.124638144276105e-05,
        2.9413800803013146e-05,
        2.412973844911903e-05,
        4.270756107871421e-05,
        3.413755985093303e-05,
        3.1144423701334745e-05,
        2.948350265796762e-05,
        3.4789849451044574e-05,
        3.836371615761891e-05,
        2.8675951398327015e-05,
        2.7367461370886303e-05,
        3.100596950389445e-05,
        3.0374594643944874e-05,
        2.3312937628361396e-05,
        2.222228613391053e-05,
        2.59984935837565e-05,
        2.61143777606776e-05
    ],
    "val_mse_scaled": [
        0.00013898540055379272,
        1.8479666323401034e-05,
        7.121692306100158e-06,
        1.4669064512418117e-05,
        8.635310223326087e-05,
        1.0998743164236657e-05,
        1.819439057726413e-05,
        2.442667209834326e-05,
        3.426311377552338e-05,
        3.716879655257799e-05,
        1.189621070807334e-05,
        2.441525793983601e-05,
        1.1123751392005943e-05,
        8.386059198528528e-05,
        5.135661922395229e-06,
        7.715178071521223e-06,
        0.0004653556097764522,
        2.5651557734818198e-05,
        3.354036380187608e-05,
        2.0457049686228856e-05,
        9.467071322433185e-06,
        1.993809019040782e-05,
        6.052780463505769e-06,
        1.9653336494229734e-05,
        1.3262465472507756e-05,
        1.6504378436366096e-05,
        2.3115568183129653e-05,
        3.6640635698859114e-06,
        1.0667738933989312e-05,
        5.27549309481401e-05,
        3.5827563351631397e-06,
        1.4938126696506515e-05,
        4.7702078518341295e-06,
        2.088168912450783e-05,
        7.91212914919015e-06,
        1.460078146919841e-05,
        1.069814243237488e-05,
        4.366596840554848e-06,
        4.1734550904948264e-05,
        1.6424752175225876e-05,
        5.183027496968862e-06,
        4.889473711955361e-05,
        5.804343345516827e-06,
        7.609512977069244e-06,
        6.633931207034038e-06,
        1.3290118658915162e-05,
        6.355094228638336e-06,
        5.942658845015103e-06,
        0.00011861669918289408,
        3.300958633190021e-05,
        0.0009444993338547647,
        3.573064168449491e-05,
        2.781949115160387e-05,
        1.4637957065133378e-05,
        1.5379873730125837e-05,
        1.4582354197045788e-05,
        3.713424803208909e-06,
        1.4438017387874424e-05,
        1.1158221241203137e-05,
        9.294422852690332e-06,
        1.229958525073016e-05
    ],
    "train_mse_price": [
        32174.65234375,
        11721.9853515625,
        8846.939453125,
        5418.71826171875,
        4099.962890625,
        5290.51708984375,
        3534.33447265625,
        3065.074462890625,
        3522.171875,
        2950.780029296875,
        3372.494384765625,
        2798.2822265625,
        2519.626708984375,
        2691.443603515625,
        3500.222900390625,
        2635.03759765625,
        2614.31640625,
        2316.18505859375,
        2431.098388671875,
        2666.110107421875,
        2738.842529296875,
        2395.406005859375,
        2625.859130859375,
        2608.345458984375,
        2109.9189453125,
        2288.99365234375,
        2620.529541015625,
        2136.13037109375,
        2244.1298828125,
        2345.189697265625,
        1683.4630126953125,
        2156.44580078125,
        2480.278564453125,
        1958.9697265625,
        2268.048095703125,
        1811.8265380859375,
        1849.64794921875,
        1752.10791015625,
        1884.6591796875,
        1749.5743408203125,
        1588.1353759765625,
        1634.19384765625,
        2737.711181640625,
        1784.7974853515625,
        2081.101318359375,
        1484.0841064453125,
        1217.474853515625,
        2154.8251953125,
        1722.4234619140625,
        1571.4033203125,
        1487.60107421875,
        1755.3345947265625,
        1935.6552734375,
        1446.855712890625,
        1380.835205078125,
        1564.4173583984375,
        1532.561279296875,
        1176.2628173828125,
        1121.2335205078125,
        1311.763427734375,
        1317.6104736328125
    ],
    "val_mse_price": [
        7012.55712890625,
        932.3981323242188,
        359.3275451660156,
        740.1328735351562,
        4356.9765625,
        554.945556640625,
        918.0048828125,
        1232.4564208984375,
        1728.757568359375,
        1875.3643798828125,
        600.2279052734375,
        1231.88037109375,
        561.2528686523438,
        4231.21630859375,
        259.1216735839844,
        389.2720642089844,
        23479.68359375,
        1294.2586669921875,
        1692.2911376953125,
        1032.1678466796875,
        477.6643371582031,
        1005.9833984375,
        305.3953552246094,
        991.6159057617188,
        669.16259765625,
        832.734375,
        1166.30419921875,
        184.87161254882812,
        538.2443237304688,
        2661.76904296875,
        180.76922607421875,
        753.7084350585938,
        240.68263244628906,
        1053.5927734375,
        399.2093505859375,
        736.6876220703125,
        539.7786254882812,
        220.31825256347656,
        2105.731689453125,
        828.716552734375,
        261.51165771484375,
        2467.001708984375,
        292.8603210449219,
        383.940673828125,
        334.7173767089844,
        670.5574951171875,
        320.64862060546875,
        299.83892822265625,
        5984.84912109375,
        1665.5106201171875,
        47655.0546875,
        1802.802490234375,
        1403.6424560546875,
        738.5631713867188,
        775.9971923828125,
        735.7577514648438,
        187.3621063232422,
        728.4752807617188,
        562.9921264648438,
        468.953369140625,
        620.5798950195312
    ],