{
    "epoch": [
        1,
        2,
        3,
        4,
        5,
        6,
        7,
        8,
        9,
        10,
        11,
        12,
        13,
        14,
        15,
        16,
        17,
        18,
        19,
        20,
        21,
        22,
        23,
        24,
        25,
        26,
        27,
        28,
        29,
        30,
        31,
        32,
        33,
        34,
        35,
        36,
        37,
        38,
        39,
        40,
        41,
        42
    ],
    "train_mse_scaled": [
        1.0061166756378983,
        0.9936867207952362,
        0.9802854246105515,
        0.9588732637116906,
        0.9342041502244565,
        0.9130868617523862,
        0.8930605975849415,
        0.8680094026511924,
        0.8452713439197505,
        0.8136451082190611,
        0.7746511601063065,
        0.7380376707067389,
        0.6972509292391638,
        0.6562775196473158,
        0.6119768306143301,
        0.5705427886884503,
        0.5307679982187242,
        0.49666555669826107,
        0.4762961610211515,
        0.4734648500080667,
        0.48839528606571864,
        0.4537088025210991,
        0.5100523154100132,
        0.48889618153466274,
        0.5084467495500692,
        0.5933153635825704,
        0.4438251134555001,
        0.4064630370329841,
        0.36738602086641364,
        0.39483580323028017,
        0.43975630978552865,
        0.4559590085886513,
        0.37976300313332856,
        0.3640809423019769,
        0.3042209911320074,
        0.344312777059212,
        0.341499661636761,
        0.33120183101355394,
        0.25227385739612185,
        0.2495679092404079,
        0.2114346418713708,
        0.2723573152375648
    ],
    "val_mse_scaled": [
        0.8868716614546989,
        0.8751990478210678,
        0.8877245519250629,
        0.9409380402693597,
        0.9358884845949853,
        0.9445608314932682,
        0.970286227993291,
        0.9905448203067019,
        1.0158847184256257,
        1.027910466162631,
        1.0156294687230212,
        0.9891364839501106,
        0.9419738509506994,
        0.955142405618412,
        0.9794829522932105,
        1.0243188180163718,
        1.033173316249024,
        1.0947965810014817,
        1.1349691798940722,
        1.1312481661126499,
        1.3681689455272414,
        1.6152612142082385,
        1.4577704226807187,
        1.0911081262367168,
        1.1326609983202967,
        1.0572136096295883,
        1.5242018107184356,
        1.2851004686580592,
        1.3287527590616195,
        1.068213599984749,
        1.2409559204366256,
        1.671421034861571,
        1.6843729889915267,
        1.0952320971274065,
        1.0325148086969524,
        1.3228361948814171,
        1.4290583355604423,
        2.1045045658807235,
        1.3492372942329474,
        1.2111885831361109,
        1.6253482715669985,
        1.7984172567143664
    ],
    "train_mse_price": [
        0.0006595908789567451,
        0.0006514420415579064,
        0.0006426564011192203,
        0.0006286190036900767,
        0.0006124464005617116,
        0.0005986023162367613,
        0.0005854734670719293,
        0.0005690503944795564,
        0.0005541437458431633,
        0.0005334101876552737,
        0.0005078465105465858,
        0.00048384340107734486,
        0.0004571043934599624,
        0.0004302430063752179,
        0.00040120032546588026,
        0.00037403695488190386,
        0.00034796136646183796,
        0.00032560444524368525,
        0.00031225067125381433,
        0.00031039451425785984,
        0.00032018261600521555,
        0.00029744282390065617,
        0.0003343805605504494,
        0.00032051100124825356,
        0.0003333279835241929,
        0.000388966216661668,
        0.00029096326797625256,
        0.0002664693961850236,
        0.00024085125802308677,
        0.0002588468151302389,
        0.0002882958368571144,
        0.0002989180225851041,
        0.00024896536660556147,
        0.00023868451790373603,
        0.00019944147079130366,
        0.00022572487869990985,
        0.0002238806545171541,
        0.00021712959251709375,
        0.00016538592372635093,
        0.00016361195609064974,
        0.00013861251270313345,
        0.00017855225082934672
    ],
    "val_mse_price": [
        0.000581416100360038,
        0.0005737637694699879,
        0.0005819752663787568,
        0.0006168610227349073,
        0.0006135506337294633,
        0.0006192360436356538,
        0.0006361011214004312,
        0.0006493822620670411,
        0.0006659946028020091,
        0.000673878464246042,
        0.0006658272460753645,
        0.0006484589877796533,
        0.000617540037972072,
        0.0006261731068774398,
        0.0006421303236531747,
        0.0006715238544036262,
        0.000677328683661324,
        0.0007177277441784164,
        0.0007440641244860415,
        0.0007416246917512745,
        0.0008969454002416496,
        0.0010589343952084526,
        0.0009556864777909441,
        0.0007153096551277938,
        0.0007425509250947562,
        0.0006930890425030864,
        0.0009992376125027265,
        0.0008424873374445251,
        0.0008711049075051051,
        0.0007003004313185991,
        0.0008135469963274824,
        0.001095751723864485,
        0.0011042427585806916,
        0.0007180132492847406,
        0.0006768969785380856,
        0.0008672261125299127,
        0.0009368633091185984,
        0.0013796729699143003,
        0.0008845341750241482,
        0.0007940320770886671,
        0.0010655472770430827,
        0.00117900799990825
    ],
    "train_mae_price": [
        0.017401027473245186,
        0.017422932917069266,
        0.017327777778937344,
        0.017107117861537482,
        0.016847496319899465,
        0.016682716206957875,
        0.0165152541451497,
        0.01629341269044136,
        0.016126725668024356,
        0.015898718806559076,
        0.015529317359974952,
        0.015207766420977048,
        0.014833195946586289,
        0.014390262774973211,
        0.013944908132866498,
        0.013425830189616399,
        0.012852022238534511,
        0.01222406784755048,
        0.011925663394741942,
        0.012263909919409274,
        0.012438537572783001,
        0.011781849324426741,
        0.012535874898393579,
        0.012549888955966556,
        0.012838108228059617,
        0.01403531281437525,
        0.01170853583975016,
        0.011162077743827763,
        0.010661807827831719,
        0.011327688438726311,
        0.012216083576650254,
        0.012112835851057461,
        0.011182034539202567,
        0.01083501613901689,
        0.00978807660571972,
        0.011002362162028137,
        0.010892559333583763,
        0.010674783540499628,
        0.009155051115375314,
        0.00949950407967186,
        0.008910990715517183,
        0.009290195873336729
    ],