{
    "epoch": [
        1,
        2,
        3,
        4,
        5,
        6,
        7,
        8,
        9,
        10,
        11,
        12,
        13,
        14,
        15,
        16,
        17,
        18,
        19,
        20,
        21,
        22,
        23,
        24,
        25,
        26,
        27,
        28,
        29,
        30,
        31,
        32,
        33,
        34,
        35,
        36,
        37,
        38,
        39,
        40,
        41,
        42,
        43,
        44,
        45,
        46,
        47,
        48,
        49,
        50,
        51,
        52,
        53,
        54,
        55,
        56,
        57,
        58,
        59,
        60,
        61,
        62,
        63,
        64,
        65,
        66,
        67,
        68,
        69,
        70,
        71,
        72,
        73,
        74
    ],
    "train_mse_scaled": [
        0.000793415994849056,
        0.0005705140647478402,
        0.00042126054177060723,
        0.0002805207041092217,
        0.0001509663270553574,
        0.00010263925651088357,
        9.015969408210367e-05,
        8.319820335600525e-05,
        7.450072007486597e-05,
        7.185105641838163e-05,
        6.776795635232702e-05,
        6.349482282530516e-05,
        6.0859660152345896e-05,
        5.98154183535371e-05,
        5.544204395846464e-05,
        5.2590945415431634e-05,
        5.028504165238701e-05,
        5.03776318510063e-05,
        4.732311936095357e-05,
        4.458533658180386e-05,
        4.380553946248256e-05,
        4.282594090909697e-05,
        4.2709278204711154e-05,
        4.082125815330073e-05,
        3.770740659092553e-05,
        3.804388325079344e-05,
        3.6898265534546226e-05,
        3.443024615989998e-05,
        3.538986129569821e-05,
        3.301673132227734e-05,
        3.232303060940467e-05,
        3.222838495275937e-05,
        3.0565799534088e-05,
        3.0104120014584623e-05,
        2.664682142494712e-05,
        2.8258706151973456e-05,
        2.6403338779346086e-05,
        2.564673195593059e-05,
        2.5978986741392873e-05,
        2.5332252334919758e-05,
        2.2063954020268284e-05,
        2.3661226805415936e-05,
        2.3945618522702716e-05,
        2.2985239411354996e-05,
        2.2395988708012737e-05,
        2.1173269487917423e-05,
        2.1099980585859157e-05,
        1.9621347746578977e-05,
        2.088091423502192e-05,
        2.0173140001134016e-05,
        2.1062884115963243e-05,
        1.982950561796315e-05,
        1.9136185073875822e-05,
        1.7837717678048648e-05,
        1.8253111193189397e-05,
        1.772963696566876e-05,
        1.8206601453130133e-05,
        1.9488681573420763e-05,
        1.6743862943258137e-05,
        1.7990345440921374e-05,
        1.8237436961499043e-05,
        1.6820073142298497e-05,
        1.7918937373906374e-05,
        1.6115614926093258e-05,
        1.5883089872659184e-05,
        1.7574602679815143e-05,
        1.6792144378996454e-05,
        1.6372528989450075e-05,
        1.618524402147159e-05,
        1.553785114083439e-05,
        1.6390826203860343e-05,
        1.4411042684514541e-05,
        1.5743356925668195e-05,
        1.598989729245659e-05
    ],
    "val_mse_scaled": [
        0.00041013682493939996,
        0.00033507461193948984,
        0.0001768082584021613,
        8.855458872858435e-05,
        2.4257577024400234e-05,
        9.839639460551552e-06,
        1.1891751455550548e-05,
        6.609680895053316e-06,
        1.4510036635329016e-05,
        8.12990856502438e-06,
        1.0096006917592604e-05,
        5.900757514609722e-06,
        1.0519820534682367e-05,
        9.325358405476436e-06,
        1.3978225069877226e-05,
        5.1367665037105326e-06,
        1.5860416169743985e-05,
        8.46913917484926e-06,
        7.278390967258019e-06,
        6.89085300109582e-06,
        1.0234894034510944e-05,
        7.036702299956232e-06,
        7.772050594212487e-06,
        5.6595895330247e-06,
        4.7378571252920665e-06,
        4.4150001485832036e-06,
        4.372537659946829e-06,
        5.786402198282303e-06,
        4.5536339712271e-06,
        6.3515717556583695e-06,
        5.813679308630526e-06,
        4.129924946028041e-06,
        4.746276772493729e-06,
        4.36119080404751e-06,
        4.214546606817748e-06,
        4.848678599955747e-06,
        4.157016064709751e-06,
        4.799263024324318e-06,
        4.891883691016119e-06,
        4.106953838345362e-06,
        4.642564817913808e-06,
        4.0359291233471595e-06,
        4.148876087128883e-06,
        3.954763542424189e-06,
        5.590788987319684e-06,
        5.92257902098936e-06,
        4.578515472530853e-06,
        5.088440957479179e-06,
        5.236729521129746e-06,
        5.345426870917436e-06,
        4.011580131191295e-06,
        4.392123173602158e-06,
        5.480524578160839e-06,
        4.526361408352386e-06,
        4.777735284733353e-06,
        4.640100542019354e-06,
        8.512241038260981e-06,
        4.431967681739479e-06,
        5.3337644203566015e-06,
        4.8986985348165035e-06,
        4.0160892240237445e-05,
        0.0002188713988289237,
        4.517066827247618e-06,
        6.7520636548579205e-06,
        6.916165148140863e-06,
        9.526424946670886e-06,
        4.98882400279399e-06,
        4.929534497932764e-06,
        7.421405825880356e-06,
        7.592134352307767e-06,
        1.0081370419356972e-05,
        7.282268597919028e-06,
        6.424727871490177e-06,
        7.771695891278796e-06
    ],
    "train_mse_price": [
        53675.05859375,
        38595.609375,
        28498.521484375,
        18977.38671875,
        10212.9599609375,
        6943.60595703125,
        6099.35546875,
        5628.4072265625,
        5040.017578125,
        4860.76611328125,
        4584.541015625,
        4295.4619140625,
        4117.19140625,
        4046.54833984375,
        3750.68701171875,
        3557.807861328125,
        3401.812255859375,
        3408.075927734375,
        3201.43603515625,
        3016.22412109375,
        2963.47021484375,
        2897.2001953125,
        2889.30810546875,
        2761.581298828125,
        2550.92822265625,
        2573.69091796875,
        2496.189208984375,
        2329.2265625,
        2394.144775390625,
        2233.600830078125,
        2186.671630859375,
        2180.26904296875,
        2067.794189453125,
        2036.561279296875,
        1802.673095703125,
        1911.7178955078125,
        1786.201171875,
        1735.01611328125,
        1757.4935302734375,
        1713.7415771484375,
        1492.6395263671875,
        1600.6956787109375,
        1619.93505859375,
        1554.9649658203125,
        1515.1016845703125,
        1432.384033203125,
        1427.426025390625,
        1327.3956298828125,
        1412.60595703125,
        1364.724609375,
        1424.9161376953125,
        1341.4776611328125,
        1294.5740966796875,
        1206.7320556640625,
        1234.83349609375,
        1199.4202880859375,
        1231.687255859375,
        1318.4207763671875,
        1132.7320556640625,
        1217.057373046875,
        1233.7730712890625,
        1137.8876953125,
        1212.2264404296875,
        1090.2308349609375,
        1074.500244140625,
        1188.9322509765625,
        1135.998291015625,
        1107.6109619140625,
        1094.941162109375,
        1051.1446533203125,
        1108.8489990234375,
        974.9153442382812,
        1065.0472412109375,
        1081.725830078125
    ],