{
    "epoch": [
        1,
        2,
        3,
        4,
        5,
        6,
        7,
        8,
        9,
        10,
        11,
        12,
        13,
        14,
        15,
        16,
        17,
        18,
        19,
        20,
        21,
        22,
        23,
        24,
        25,
        26,
        27,
        28,
        29,
        30,
        31,
        32,
        33,
        34,
        35,
        36,
        37,
        38,
        39,
        40,
        41,
        42,
        43,
        44,
        45,
        46,
        47,
        48,
        49,
        50,
        51,
        52,
        53,
        54,
        55,
        56,
        57,
        58,
        59,
        60,
        61,
        62,
        63
    ],
    "train_mse_scaled": [
        0.022629523232592687,
        0.017296891351184705,
        0.017771003728666808,
        0.018001260913896526,
        0.01754585847003395,
        0.0167646001644332,
        0.016011545323956995,
        0.01530505647571921,
        0.014898418414787668,
        0.01445436317788058,
        0.01410871096698287,
        0.013831567180860578,
        0.013648492322374669,
        0.013387519480101225,
        0.013218757905778809,
        0.013005338056258144,
        0.012848913350415235,
        0.012671428020038452,
        0.01255285470279394,
        0.01241080287798183,
        0.012314391898622186,
        0.012253788383465372,
        0.012197117342194738,
        0.012138051103099082,
        0.012074189897785949,
        0.012011854912869237,
        0.01196805256171134,
        0.01198186838032408,
        0.011955020520150088,
        0.011815851217542132,
        0.011826914694605105,
        0.011655899600310484,
        0.011566607504174752,
        0.01157293635203579,
        0.011478400315453358,
        0.011301794337034748,
        0.011286888126188256,
        0.011217800149831657,
        0.01110544250136914,
        0.011103919380965038,
        0.011019841859636543,
        0.010881291875271622,
        0.010834357342955276,
        0.01078610211366681,
        0.010628457060692825,
        0.0106300533213813,
        0.01036123573570393,
        0.010411609770167635,
        0.010189489001986848,
        0.010174623855609065,
        0.010013838439626263,
        0.009918064887017975,
        0.009869350186489625,
        0.009874250735397437,
        0.009927225729104962,
        0.009570963917526081,
        0.009837275116349239,
        0.009647156308468812,
        0.009716702343682215,
        0.009366365397225395,
        0.00950862294353057,
        0.009462934038897988,
        0.009138056794718246
    ],
    "val_mse_scaled": [
        0.02333791053381545,
        0.025046473225572914,
        0.026442656387034847,
        0.026726246709959246,
        0.02553573222705661,
        0.02343676829033752,
        0.021057089532154676,
        0.020081633590273113,
        0.019311011509310052,
        0.018344407874839163,
        0.017768257696397647,
        0.017368964076370164,
        0.017125875983427435,
        0.016618280432997158,
        0.01628418787885339,
        0.0160204419017833,
        0.01571203810689125,
        0.015446203006549242,
        0.015227805085990061,
        0.015104363643696016,
        0.015111022106175835,
        0.015107313009057413,
        0.014969627266976041,
        0.015035467453029784,
        0.015064008621736891,
        0.015214282876257083,
        0.015004306976991826,
        0.01504086092136976,
        0.015180775477559996,
        0.015342468195285619,
        0.015308792784428359,
        0.015268128152191215,
        0.015585581614688104,
        0.01552903192733095,
        0.01577733156915802,
        0.01558340253197562,
        0.01618580827898378,
        0.01569533038224554,
        0.015511481217450078,
        0.01590678051552621,
        0.015356696875353638,
        0.016231255557927718,
        0.015205129370233642,
        0.015247077901230673,
        0.015307521175545027,
        0.015641983851103245,
        0.01530044825552196,
        0.015584210938752036,
        0.015680692172556594,
        0.015532779200823254,
        0.01574821543739838,
        0.016211862838462984,
        0.016659916358042308,
        0.01630352550119614,
        0.01775797320927466,
        0.01881270972208208,
        0.017736168400809233,
        0.018105901495096634,
        0.017758637849833548,
        0.018473230589687518,
        0.017451695300153985,
        0.01738829034961024,
        0.01876042804259038
    ],
    "train_mse_price": [
        0.000722063723589796,
        0.00055190989316955,
        0.0005670378903756927,
        0.0005743849475752701,
        0.0005598539505293193,
        0.0005349255267820131,
        0.0005108970236495819,
        0.0004883543465609481,
        0.0004753793242211608,
        0.00046121039201649016,
        0.0004501813073840592,
        0.0004413381919393911,
        0.0004354966355414091,
        0.00042716949995658576,
        0.0004217846500072847,
        0.00041497484107972705,
        0.0004099836351858984,
        0.00040432042610376984,
        0.00040053698636581715,
        0.0003960043888368867,
        0.00039292810226551134,
        0.00039099436241158374,
        0.00038918610170792216,
        0.00038730141373981064,
        0.00038526372925601674,
        0.00038327473869564406,
        0.0003818770908934697,
        0.000382317930229584,
        0.00038146126843928527,
        0.00037702064718529054,
        0.0003773736618431046,
        0.00037191690675644756,
        0.00036906777038228975,
        0.0003692697125165172,
        0.0003662532513016371,
        0.000360618100396581,
        0.00036014247121990395,
        0.00035793801066691736,
        0.0003543528962591266,
        0.0003543042999856753,
        0.0003516215521034153,
        0.0003472006896906718,
        0.00034570310368486266,
        0.000344163374404136,
        0.00033913322737742953,
        0.0003391841625565303,
        0.0003306067210154362,
        0.0003322140550844828,
        0.0003251266179438814,
        0.0003246522987814845,
        0.00031952195301649034,
        0.0003164660070273465,
        0.0003149116146022376,
        0.0003150679811070616,
        0.0003167583093651503,
        0.00030539069207595265,
        0.00031388816288241525,
        0.00030782184451440264,
        0.00031004092473593077,
        0.00029886235404707345,
        0.00030340151315425636,
        0.00030194367229017806,
        0.0002915774785176276
    ],