{
    "epoch": [
        1,
        2,
        3,
        4,
        5,
        6,
        7,
        8,
        9,
        10,
        11,
        12,
        13,
        14,
        15,
        16,
        17,
        18,
        19,
        20,
        21,
        22,
        23,
        24,
        25,
        26,
        27,
        28,
        29,
        30,
        31,
        32,
        33,
        34,
        35,
        36,
        37,
        38,
        39,
        40,
        41,
        42,
        43,
        44,
        45,
        46,
        47,
        48,
        49,
        50,
        51,
        52,
        53,
        54,
        55,
        56,
        57,
        58,
        59,
        60,
        61,
        62,
        63,
        64,
        65,
        66,
        67,
        68,
        69,
        70,
        71,
        72,
        73,
        74,
        75,
        76,
        77,
        78,
        79
    ],
    "train_mse_scaled": [
        0.0005338417831808329,
        0.00014611192455049604,
        9.5129813416861e-05,
        8.68640563567169e-05,
        7.729239587206393e-05,
        6.971889524720609e-05,
        6.2494000303559e-05,
        5.874864655197598e-05,
        5.370798317017034e-05,
        4.9432270316174254e-05,
        4.9483882321510464e-05,
        4.415459625306539e-05,
        4.499515125644393e-05,
        4.041666034027003e-05,
        3.924335396732204e-05,
        3.875766560668126e-05,
        3.5458404454402626e-05,
        3.6290679418016225e-05,
        3.1985615351004526e-05,
        3.3263622754020616e-05,
        3.2974079658742994e-05,
        3.361628841958009e-05,
        3.1289902835851535e-05,
        2.9479440854629502e-05,
        3.0360000891960226e-05,
        2.7234660592512228e-05,
        2.7083833629149012e-05,
        2.3738417439744808e-05,
        2.5761279175640084e-05,
        2.5775685571716167e-05,
        2.3022173991193995e-05,
        2.474123175488785e-05,
        2.0655699700000696e-05,
        2.0089604731765576e-05,
        2.296587626915425e-05,
        2.140899778169114e-05,
        2.0199149730615318e-05,
        2.2039845134713687e-05,
        2.1131676476215944e-05,
        2.0941793991369195e-05,
        2.053337993856985e-05,
        1.930542021000292e-05,
        1.8067677956423722e-05,
        1.935436375788413e-05,
        1.9212482584407553e-05,
        1.6835107089718804e-05,
        1.7095024304580875e-05,
        1.8005339370574802e-05,
        1.672340113145765e-05,
        1.582388904353138e-05,
        1.7666337953414768e-05,
        1.6919218978728168e-05,
        1.7595042663742788e-05,
        1.7097112504416145e-05,
        1.6327032426488586e-05,
        1.5089492990227882e-05,
        1.5640625861124136e-05,
        1.8085007468471304e-05,
        1.5638841432519257e-05,
        1.8287986677023582e-05,
        1.5472520317416638e-05,
        1.554897244204767e-05,
        1.736665581120178e-05,
        1.561893441248685e-05,
        1.508449076936813e-05,
        1.501597580499947e-05,
        1.551878267491702e-05,
        1.6341744412784465e-05,
        1.5019654711068142e-05,
        1.4174675015965477e-05,
        1.5320489183068275e-05,
        1.3096357179165352e-05,
        1.612082814972382e-05,
        1.2406087989802472e-05,
        1.5700625226600096e-05,
        1.3550051335187163e-05,
        1.2254524335730821e-05,
        1.3529893294617068e-05,
        1.3782481801172253e-05
    ],
    "val_mse_scaled": [
        0.00017623613530304283,
        2.7936177502851933e-05,
        9.140890142589342e-06,
        8.779520612733904e-06,
        7.672522770008072e-06,
        8.477853953081649e-06,
        1.009132120088907e-05,
        4.697860731539549e-06,
        5.053225777373882e-06,
        6.492744432762265e-06,
        6.845973075542133e-06,
        6.16210945736384e-06,
        3.6398248539626366e-06,
        4.728057774627814e-06,
        5.0161265789938625e-06,
        6.7843584474758245e-06,
        5.055108431406552e-06,
        0.00036321787047199905,
        9.502797183813527e-06,
        5.37848109161132e-06,
        5.162370598554844e-06,
        3.591661879909225e-06,
        3.30284092342481e-06,
        7.647439815627877e-06,
        3.7168401831877418e-06,
        7.160821041907184e-06,
        5.151416644366691e-06,
        7.409437330352375e-06,
        3.6679232380265603e-06,
        6.265010597417131e-06,
        8.94926706678234e-05,
        3.339785280331853e-06,
        6.164887508930406e-06,
        4.4702537707053125e-06,
        6.4296832533727866e-06,
        3.684516741486732e-06,
        5.305468221195042e-06,
        7.93203798821196e-06,
        3.852554527838947e-06,
        3.997719886683626e-06,
        5.888879513804568e-06,
        8.72782948135864e-06,
        9.939421033777762e-06,
        3.720138238350046e-06,
        4.793954758497421e-06,
        1.4564747289114166e-05,
        3.7745658119092695e-06,
        6.598931577173062e-06,
        3.1356685212813318e-06,
        4.629354407370556e-06,
        9.607798347133212e-06,
        1.2999375940125901e-05,
        5.232023795542773e-06,
        1.0247236787108704e-05,
        9.807867172639817e-06,
        9.259726539312396e-06,
        8.970867384050507e-06,
        1.203006468131207e-05,
        1.2051485100528225e-05,
        9.67929827311309e-06,
        1.5344197890954092e-05,
        1.0020189620263409e-05,
        1.8587632439448498e-05,
        1.3126747035130393e-05,
        7.990887388586998e-05,
        1.683061054791324e-05,
        2.7383912311051972e-05,
        3.411393481655978e-05,
        4.403438651934266e-05,
        4.158520096098073e-05,
        3.714748163474724e-05,
        4.636911762645468e-05,
        3.5979330277768895e-05,
        4.922522566630505e-05,
        5.084200165583752e-05,
        7.204562280094251e-05,
        6.167880928842351e-05,
        6.730821769451723e-05,
        7.867645763326436e-05
    ],