{
    "epoch": [
        1,
        2,
        3,
        4,
        5,
        6,
        7,
        8,
        9,
        10,
        11,
        12,
        13,
        14,
        15,
        16,
        17,
        18,
        19,
        20,
        21,
        22,
        23,
        24,
        25,
        26,
        27,
        28,
        29,
        30,
        31,
        32,
        33,
        34,
        35,
        36,
        37,
        38,
        39,
        40,
        41,
        42,
        43,
        44,
        45,
        46,
        47,
        48,
        49,
        50,
        51,
        52,
        53,
        54,
        55,
        56,
        57,
        58,
        59,
        60,
        61,
        62,
        63,
        64,
        65,
        66,
        67,
        68,
        69,
        70
    ],
    "train_mse_scaled": [
        0.42862898111343384,
        0.384736567735672,
        0.36632826924324036,
        0.3546949326992035,
        0.3433038294315338,
        0.3314717710018158,
        0.31819838285446167,
        0.27718397974967957,
        0.20997409522533417,
        0.1576794534921646,
        0.11570236831903458,
        0.08427897840738297,
        0.061018358916044235,
        0.045048922300338745,
        0.036563750356435776,
        0.03169122338294983,
        0.028939396142959595,
        0.02772708050906658,
        0.027238311246037483,
        0.026621941477060318,
        0.02626192755997181,
        0.026094364002346992,
        0.025851253420114517,
        0.0255605299025774,
        0.02545015513896942,
        0.02516074664890766,
        0.025276701897382736,
        0.024991583079099655,
        0.0247233547270298,
        0.024591820314526558,
        0.024732938036322594,
        0.024034662172198296,
        0.02408772148191929,
        0.023679452016949654,
        0.0234473068267107,
        0.02335064671933651,
        0.023199867457151413,
        0.022915055975317955,
        0.022683093324303627,
        0.02261507883667946,
        0.02246095798909664,
        0.022268878296017647,
        0.022052796557545662,
        0.021765118464827538,
        0.021698564291000366,
        0.02155621163547039,
        0.021295486018061638,
        0.021351749077439308,
        0.021523432806134224,
        0.0207151360809803,
        0.020417656749486923,
        0.02031957544386387,
        0.020641431212425232,
        0.019904376938939095,
        0.019551333039999008,
        0.019517961889505386,
        0.019319595769047737,
        0.018948648124933243,
        0.018822049722075462,
        0.018641864880919456,
        0.01847827062010765,
        0.0183048527687788,
        0.018252303823828697,
        0.017955409362912178,
        0.017813537269830704,
        0.0177316777408123,
        0.01736120693385601,
        0.01717100478708744,
        0.01690884865820408,
        0.017074327915906906
    ],
    "val_mse_scaled": [
        0.04917760193347931,
        0.04133589565753937,
        0.037984445691108704,
        0.035425759851932526,
        0.032774101942777634,
        0.030121665447950363,
        0.025855835527181625,
        0.014748679473996162,
        0.007093958556652069,
        0.003585479222238064,
        0.0037193717435002327,
        0.006635292898863554,
        0.012052289210259914,
        0.017312726005911827,
        0.022810280323028564,
        0.026927445083856583,
        0.029935380443930626,
        0.0319986492395401,
        0.034610211849212646,
        0.03534930944442749,
        0.03544938191771507,
        0.03435192257165909,
        0.03551440313458443,
        0.03554997593164444,
        0.03509562090039253,
        0.03539833426475525,
        0.034860942512750626,
        0.03471173346042633,
        0.03552745655179024,
        0.03436436131596565,
        0.03149527311325073,
        0.034147560596466064,
        0.03518718108534813,
        0.03229447454214096,
        0.03267060965299606,
        0.031027186661958694,
        0.0322304368019104,
        0.03243166208267212,
        0.03062627464532852,
        0.031622208654880524,
        0.029423413798213005,
        0.02967328578233719,
        0.03089173138141632,
        0.029747283086180687,
        0.028881827369332314,
        0.029402440413832664,
        0.028999609872698784,
        0.027074694633483887,
        0.028952114284038544,
        0.02710341475903988,
        0.028298664838075638,
        0.026850717142224312,
        0.025345824658870697,
        0.028173359110951424,
        0.025986552238464355,
        0.025453045964241028,
        0.024829290807247162,
        0.025390811264514923,
        0.025229070335626602,
        0.024435432627797127,
        0.02364438772201538,
        0.023947671055793762,
        0.024067535996437073,
        0.02314167469739914,
        0.023500438779592514,
        0.021981827914714813,
        0.02291392907500267,
        0.02209826558828354,
        0.02167864888906479,
        0.02061224915087223
    ],
    "train_mse_price": [
        104.24857330322266,
        93.57332611083984,
        89.0961685180664,
        86.26676940917969,
        83.49628448486328,
        80.61858367919922,
        77.39029693603516,
        67.41502380371094,
        51.06863784790039,
        38.34984588623047,
        28.140432357788086,
        20.497827529907227,
        14.840519905090332,
        10.95652961730957,
        8.892815589904785,
        7.707748889923096,
        7.038466930389404,
        6.743614673614502,
        6.624739170074463,
        6.474830150604248,
        6.387268543243408,
        6.34651517868042,
        6.287386894226074,
        6.216678619384766,
        6.189833641052246,
        6.119445323944092,
        6.147647857666016,
        6.078303337097168,
        6.01306676864624,
        5.981075286865234,
        6.015397548675537,
        5.845566749572754,
        5.858470439910889,
        5.75917387008667,
        5.7027130126953125,
        5.679205894470215,
        5.642531871795654,
        5.5732622146606445,
        5.516845703125,
        5.500304222106934,
        5.462821006774902,
        5.416103839874268,
        5.3635478019714355,
        5.293581485748291,
        5.2773942947387695,
        5.242772102355957,
        5.1793599128723145,
        5.193044185638428,
        5.234799385070801,
        5.038209438323975,
        4.965859413146973,
        4.942004680633545,
        5.020285606384277,
        4.841022968292236,
        4.755156517028809,
        4.747040748596191,
        4.698795795440674,
        4.608575344085693,
        4.577785491943359,
        4.533962249755859,
        4.494173526763916,
        4.451996326446533,
        4.439216136932373,
        4.367007255554199,
        4.332501411437988,
        4.31259298324585,
        4.2224884033203125,
        4.1762285232543945,
        4.11246919631958,
        4.152715682983398
    ],