{
    "epoch": [
        1,
        2,
        3,
        4,
        5,
        6,
        7,
        8,
        9,
        10,
        11,
        12,
        13,
        14,
        15,
        16,
        17,
        18,
        19,
        20,
        21,
        22,
        23,
        24,
        25,
        26,
        27,
        28,
        29,
        30,
        31,
        32,
        33,
        34,
        35,
        36,
        37,
        38,
        39,
        40,
        41,
        42,
        43,
        44,
        45,
        46,
        47,
        48,
        49,
        50,
        51,
        52,
        53,
        54,
        55,
        56,
        57,
        58,
        59,
        60,
        61
    ],
    "train_mse_scaled": [
        0.07091894745826721,
        0.06232568621635437,
        0.060650020837783813,
        0.06138502061367035,
        0.06086288020014763,
        0.06082342192530632,
        0.06028866767883301,
        0.06079060956835747,
        0.060774583369493484,
        0.0602157860994339,
        0.06054496765136719,
        0.06012294813990593,
        0.0609302781522274,
        0.06025097146630287,
        0.060864780098199844,
        0.05965891107916832,
        0.060591328889131546,
        0.061595767736434937,
        0.06073884293437004,
        0.060433465987443924,
        0.06184510514140129,
        0.0598556287586689,
        0.05960412696003914,
        0.0595749132335186,
        0.06081850826740265,
        0.05962527170777321,
        0.05973087623715401,
        0.059863850474357605,
        0.05964347720146179,
        0.05982154607772827,
        0.06113281846046448,
        0.06129826232790947,
        0.059391677379608154,
        0.0597994439303875,
        0.05995756387710571,
        0.060085490345954895,
        0.05924353376030922,
        0.05911456421017647,
        0.059832777827978134,
        0.06079232692718506,
        0.06245885416865349,
        0.05962887406349182,
        0.06085929274559021,
        0.060432497411966324,
        0.0605807788670063,
        0.05937545374035835,
        0.06140761449933052,
        0.060834240168333054,
        0.06027032807469368,
        0.059379372745752335,
        0.06032808497548103,
        0.059824418276548386,
        0.06093992665410042,
        0.05956830456852913,
        0.059247199445962906,
        0.05933372303843498,
        0.058896470814943314,
        0.058776166290044785,
        0.061307087540626526,
        0.058772001415491104,
        0.05960850417613983
    ],
    "val_mse_scaled": [
        0.03300181403756142,
        0.050162333995103836,
        0.0642620325088501,
        0.06558079272508621,
        0.06644214689731598,
        0.054790083318948746,
        0.05608094483613968,
        0.05556139349937439,
        0.05352746695280075,
        0.061143696308135986,
        0.06372002512216568,
        0.05835409462451935,
        0.053969141095876694,
        0.05760274827480316,
        0.051926568150520325,
        0.058560509234666824,
        0.05354524031281471,
        0.06485665589570999,
        0.05581638216972351,
        0.060809262096881866,
        0.050490863621234894,
        0.05379165709018707,
        0.055858463048934937,
        0.057897839695215225,
        0.05539695918560028,
        0.06122037023305893,
        0.06196855008602142,
        0.060535334050655365,
        0.057352952659130096,
        0.05947437137365341,
        0.05159298703074455,
        0.06079317256808281,
        0.05616110563278198,
        0.059557169675827026,
        0.05271473526954651,
        0.05881751328706741,
        0.056562390178442,
        0.05635140463709831,
        0.0527942068874836,
        0.047951873391866684,
        0.06079860031604767,
        0.055855266749858856,
        0.05934496223926544,
        0.05292520299553871,
        0.059804767370224,
        0.056939609348773956,
        0.04794981703162193,
        0.059798721224069595,
        0.06174727529287338,
        0.05964077264070511,
        0.047523435205221176,
        0.05388817936182022,
        0.059661492705345154,
        0.05084366723895073,
        0.050313569605350494,
        0.05572796240448952,
        0.05730895325541496,
        0.05609031766653061,
        0.04651936888694763,
        0.053178586065769196,
        0.06165120750665665
    ],
    "train_mse_price": [
        0.0004704869061242789,
        0.0004134778864681721,
        0.0004023613000754267,
        0.00040723744314163923,
        0.0004037734179291874,
        0.00040351159987039864,
        0.00039996401756070554,
        0.0004032939614262432,
        0.0004031876742374152,
        0.00039948057383298874,
        0.00040166432154364884,
        0.0003988646203652024,
        0.0004042205691803247,
        0.00039971398655325174,
        0.0004037859907839447,
        0.0003957861044909805,
        0.0004019719490315765,
        0.00040863556205295026,
        0.00040295053622685373,
        0.0004009246185887605,
        0.0004102896200492978,
        0.00039709117845632136,
        0.00039542268496006727,
        0.0003952288534492254,
        0.0004034790035802871,
        0.00039556293631903827,
        0.00039626346551813185,
        0.0003971457190345973,
        0.00039568377542309463,
        0.000396865070797503,
        0.00040556423482485116,
        0.0004066617984790355,
        0.00039401324465870857,
        0.0003967184165958315,
        0.000397767435060814,
        0.0003986161027569324,
        0.0003930304665118456,
        0.0003921748138964176,
        0.00039693957660347223,
        0.0004033053992316127,
        0.0004143613332416862,
        0.0003955868596676737,
        0.0004037496692035347,
        0.00040091821574606,
        0.0004019019252154976,
        0.00039390556048601866,
        0.00040738735697232187,
        0.0004035833990201354,
        0.00039984239265322685,
        0.00039393160841427743,
        0.0004002255154773593,
        0.0003968841629102826,
        0.00040428448119200766,
        0.0003951850812882185,
        0.00039305471000261605,
        0.0003936288121622056,
        0.0003907279169652611,
        0.000389929860830307,
        0.000406720326282084,
        0.000389902270399034,
        0.00039545170147903264
    ],