{
    "epoch": [
        1,
        2,
        3,
        4,
        5,
        6,
        7,
        8,
        9,
        10,
        11,
        12,
        13,
        14,
        15,
        16,
        17,
        18,
        19,
        20,
        21,
        22,
        23,
        24,
        25,
        26,
        27,
        28,
        29,
        30,
        31,
        32,
        33,
        34,
        35,
        36,
        37,
        38,
        39,
        40,
        41,
        42,
        43,
        44,
        45
    ],
    "train_mse_scaled": [
        0.03579930642230887,
        0.015738471699502564,
        0.015506270960205784,
        0.015161774782127484,
        0.014528571884381919,
        0.013927444859550227,
        0.013497261426048963,
        0.013233327981851508,
        0.01307740669307723,
        0.012993759482579331,
        0.012956123289213682,
        0.012932947622204247,
        0.012920659962340306,
        0.012910583394368435,
        0.01289772737736592,
        0.012881707764214009,
        0.01286436414187103,
        0.012845133096979974,
        0.012825278559344518,
        0.012808637876735494,
        0.01279586963625344,
        0.012784158568283738,
        0.012777411415932017,
        0.012773930545647435,
        0.012771768842268195,
        0.012771508507227197,
        0.012759082453546526,
        0.01277349570181476,
        0.012776045483327015,
        0.012772205282379162,
        0.012764285388346787,
        0.01275220026837298,
        0.012734923088279055,
        0.012717106279009873,
        0.012691872435637358,
        0.012665350904102098,
        0.012636608441267457,
        0.01260582142112811,
        0.012569593334914598,
        0.012530307428657978,
        0.0124869510122121,
        0.012446660487638334,
        0.012399770479269828,
        0.012355395159262691,
        0.012306088904080059
    ],
    "val_mse_scaled": [
        0.01875651555145361,
        0.017448448455537138,
        0.0158651632520606,
        0.014558289119775462,
        0.014304939422648507,
        0.014835344156392986,
        0.015515244545297673,
        0.016043491511248786,
        0.01636081781248322,
        0.016540623168410755,
        0.016557933296125017,
        0.016511600557100936,
        0.016436063985319212,
        0.016353814089670893,
        0.016286899475727815,
        0.016249536951646312,
        0.01627819182674965,
        0.016266597297133627,
        0.016365859934918986,
        0.016484958529403206,
        0.016565464997664748,
        0.016669558531568478,
        0.01676359068139277,
        0.016832368570738672,
        0.01688645660728164,
        0.016895201762450504,
        0.01715776234283485,
        0.01708235183468787,
        0.016987853096569056,
        0.0168882733761014,
        0.01676160732377423,
        0.016620718675486118,
        0.01648071725101338,
        0.016329645885772875,
        0.01621006121256822,
        0.016097924718614636,
        0.01596930635960001,
        0.015852014463240638,
        0.01575207263866,
        0.015671922248877115,
        0.015605215209536009,
        0.015570440377830553,
        0.015546605864040558,
        0.015539547957849629,
        0.015542395894825835
    ],
    "train_mse_price": [
        0.0011422856771043143,
        0.0005021837827225795,
        0.0004947747072036737,
        0.0004837825079468937,
        0.0004635782457925603,
        0.00044439746036905843,
        0.0004306711517783817,
        0.0004222495531594957,
        0.0004172744133017978,
        0.00041460539228078557,
        0.00041340449709600013,
        0.0004126650050501428,
        0.00041227293062269006,
        0.00041195140646174287,
        0.0004115411959257367,
        0.00041103004199235095,
        0.00041047664108615617,
        0.00040986301568976264,
        0.00040922949712694106,
        0.0004086985238072362,
        0.00040829111621880484,
        0.0004079174393219448,
        0.0004077021499186781,
        0.0004075910810738318,
        0.0004075221071158891,
        0.000407513799421103,
        0.00040711730695932533,
        0.00040757720671227897,
        0.00040765856636254294,
        0.0004075360308485094,
        0.0004072833231589145,
        0.0004068977093039958,
        0.0004063464293428225,
        0.00040577792899397497,
        0.00040497276696791493,
        0.0004041265185182569,
        0.0004032094019308299,
        0.00040222704764210197,
        0.00040107108044439894,
        0.0003998175444333477,
        0.000398434125111615,
        0.0003971485340893971,
        0.00039565236516865424,
        0.0003942364358187741,
        0.000392663171962351
    ],
    "val_mse_price": [
        0.0005984836888302447,
        0.0005567458235223029,
        0.0005062263010603609,
        0.00046452651060777215,
        0.00045644261483634085,
        0.0004733667870237124,
        0.0004950610840687408,
        0.0005119164049826624,
        0.000522041659026219,
        0.0005277788956792275,
        0.0005283312301808743,
        0.0005268528460922226,
        0.0005244426266747568,
        0.0005218181944945922,
        0.000519683074230233,
        0.0005184909055279217,
        0.0005194052280862504,
        0.0005190352712101463,
        0.0005222025452618324,
        0.0005260027542777223,
        0.0005285715490534478,
        0.0005318929730645036,
        0.0005348933586639753,
        0.0005370879205515473,
        0.0005388137709726496,
        0.000539092805999199,
        0.0005474706046620064,
        0.0005450644009100761,
        0.0005420491330367132,
        0.0005388717370496258,
        0.0005348300743725146,
        0.0005303345996765902,
        0.0005258674264717236,
        0.0005210470256731645,
        0.0005172313207534954,
        0.0005136532587285446,
        0.000509549293231995,
        0.0005058067486587005,
        0.0005026177977410595,
        0.0005000603556535124,
        0.0004979318718735793,
        0.0004968222717727664,
        0.000496061748283945,
        0.0004958365540876718,
        0.0004959274276285428
    ],
    "train_mae_price": [
        0.021489897307970348,
        0.016044103831345555,
        0.01597538302810164,
        0.015871358891452792,
        0.01559091674237037,
        0.015290782591873065,
        0.015086512159310604,
        0.014948423144612444,
        0.014872829278201091,
        0.014831512123860547,
        0.0148088494810638,
        0.014804247041823291,
        0.014801710504268938,
        0.014799586285816865,
        0.014795685174230837,
        0.01478850883206284,
        0.014779833888038673,
        0.01476893074800137,
        0.014760921601112153,
        0.01474760416543439,
        0.014749188964402941,
        0.014747646905881689,
        0.01474621475086382,
        0.014748636951792578,
        0.014753406357219037,
        0.014761612856137736,
        0.014766381120081466,
        0.014778387867178286,
        0.01479430069204356,
        0.014801290745919921,
        0.014807250022204179,
        0.014807819076116875,
        0.014803592826394252,
        0.014798619049878281,
        0.014784490701860758,
        0.01477298544543259,
        0.014756856629991266,
        0.014741325163474879,
        0.014721639963623284,
        0.01469762160679584,
        0.014670075282921097,
        0.014645825844643452,
        0.014617921015421878,
        0.014597522721788563,
        0.014573918628946799
    ],