{
    "epoch": [
        1,
        2,
        3,
        4,
        5,
        6,
        7,
        8,
        9,
        10,
        11,
        12,
        13,
        14,
        15,
        16,
        17,
        18,
        19,
        20,
        21,
        22,
        23,
        24,
        25,
        26,
        27,
        28,
        29,
        30,
        31,
        32,
        33,
        34,
        35,
        36,
        37,
        38,
        39,
        40,
        41,
        42,
        43,
        44,
        45,
        46,
        47,
        48,
        49,
        50,
        51,
        52,
        53,
        54,
        55,
        56,
        57,
        58,
        59,
        60,
        61,
        62,
        63,
        64,
        65,
        66,
        67,
        68,
        69,
        70,
        71,
        72,
        73,
        74,
        75,
        76
    ],
    "train_mse_scaled": [
        0.007418356370180845,
        0.007132888771593571,
        0.0064570847898721695,
        0.006231571082025766,
        0.005775908008217812,
        0.005838247016072273,
        0.005554072093218565,
        0.005430789664387703,
        0.00533271161839366,
        0.004784366115927696,
        0.004423580598086119,
        0.001304850447922945,
        0.0018117578001692891,
        0.00041442824294790626,
        0.0012297620996832848,
        0.0022911697160452604,
        0.0007671609055250883,
        0.0008700197795405984,
        0.0033814702183008194,
        0.003107561497017741,
        0.0011461136164143682,
        0.0005642750184051692,
        0.0005627725040540099,
        0.0011766209499910474,
        0.0006863774033263326,
        0.0003975321596954018,
        0.0011012686882168055,
        0.0002460226241964847,
        0.0006723366677761078,
        0.0017288741655647755,
        0.0007427949458360672,
        0.0004824740462936461,
        0.0007243209984153509,
        0.0007004908984526992,
        0.00023114251962397248,
        0.0004614426870830357,
        0.0004125481646042317,
        0.0011017352808266878,
        0.0005014281487092376,
        0.0006760943797416985,
        0.0005069426842965186,
        0.0005756692844443023,
        0.002920333994552493,
        0.003430945100262761,
        0.0007722898153588176,
        0.00028253390337340534,
        0.00015750416787341237,
        0.00026527149020694196,
        0.000555163889657706,
        0.0003910130762960762,
        0.00046066122013144195,
        0.0009242070373147726,
        0.0005741483764722943,
        0.0004499957722146064,
        0.00029955036006867886,
        0.00031026851502247155,
        0.0003689121804200113,
        0.0007251917850226164,
        0.0017705020727589726,
        0.0004302889865357429,
        0.0003248402790632099,
        0.00020723469788208604,
        0.0012740303063765168,
        0.00039256896707229316,
        0.0003820877172984183,
        0.0006109870737418532,
        0.000682018231600523,
        0.00020804851374123245,
        0.0004153417539782822,
        0.00044339889427646995,
        0.0003049596562050283,
        0.00039160222513601184,
        0.0002430570893920958,
        0.0008719709585420787,
        0.0005897909868508577,
        0.00041916128247976303
    ],
    "val_mse_scaled": [
        0.010911150835454464,
        0.009875340387225151,
        0.010207977145910263,
        0.009857523255050182,
        0.009723841212689877,
        0.009733026847243309,
        0.010202927514910698,
        0.009159736335277557,
        0.009268426336348057,
        0.008137487806379795,
        0.0008397112251259387,
        0.006549356039613485,
        0.00027579223387874663,
        0.0005536579992622137,
        0.0011409957660362124,
        0.0009453699458390474,
        0.000649690511636436,
        0.0006817890680395067,
        0.008683701045811176,
        0.0035750060342252254,
        0.0003279498778283596,
        0.0010498261544853449,
        0.004693929571658373,
        0.00024439807748422027,
        0.0004217437235638499,
        0.00029958068626001477,
        0.0011895634233951569,
        0.0002161255106329918,
        0.0010282550938427448,
        0.002636011689901352,
        0.0010352566605433822,
        0.00021951204689685255,
        0.0002326151734450832,
        0.0003672439488582313,
        0.0003800423874054104,
        0.0009664823301136494,
        0.0005258297314867377,
        0.0004070264403708279,
        0.0002356726909056306,
        0.0003524671192280948,
        0.0001745702320476994,
        0.002884211950004101,
        0.009723088704049587,
        0.0019291738281026483,
        0.0007270748028531671,
        1.5265250112861395e-05,
        0.00027372085605748,
        0.0011800522916018963,
        0.0003578380274120718,
        0.00026308922679163516,
        0.0010630936594679952,
        0.0013736217515543103,
        0.001237971824593842,
        0.0002084547159029171,
        0.0005385935655795038,
        0.0003521296021062881,
        0.0007051009451970458,
        0.003782819490879774,
        0.001378593617118895,
        0.00031267685699276626,
        0.00014981985441409051,
        0.0003781433333642781,
        0.0003043880278710276,
        0.00217802869156003,
        0.00028245773864910007,
        0.004585000220686197,
        0.00026370870182290673,
        0.00032375872251577675,
        0.0008537631365470588,
        0.0004298713174648583,
        0.0007148145814426243,
        0.000899309350643307,
        0.000621397455688566,
        0.0010316662956029177,
        0.00045164552284404635,
        0.0006965553620830178
    ],
    "train_mse_price": [
        6769.3935546875,
        6508.8994140625,
        5892.21533203125,
        5686.4296875,
        5270.62841796875,
        5327.51318359375,
        5068.19775390625,
        4955.7001953125,
        4866.20263671875,
        4365.8271484375,
        4036.6025390625,
        1190.701416015625,
        1653.263671875,
        378.1737365722656,
        1122.181640625,
        2090.736328125,
        700.0491943359375,
        793.9097900390625,
        3085.656982421875,
        2835.70947265625,
        1045.850830078125,
        514.9117431640625,
        513.5408935546875,
        1073.689453125,
        626.3327026367188,
        362.75579833984375,
        1004.9290161132812,
        224.5004119873047,
        613.520263671875,
        1577.6309814453125,
        677.8148193359375,
        440.26690673828125,
        660.9568481445312,
        639.2114868164062,
        210.92205810546875,
        421.0753173828125,
        376.4582214355469,
        1005.3546142578125,
        457.56280517578125,
        616.9490966796875,
        462.5948791503906,
        525.3092651367188,
        2664.861328125,
        3130.8037109375,
        704.7293701171875,
        257.8175964355469,
        143.7255859375,
        242.06533813476562,
        506.5976867675781,
        356.8069763183594,
        420.3622741699219,
        843.3567504882812,
        523.9214477539062,
        410.62982177734375,
        273.345458984375,
        283.1259765625,
        336.6395263671875,
        661.7515258789062,
        1615.6175537109375,
        392.6470031738281,
        296.4230041503906,
        189.10565185546875,
        1162.5772705078125,
        358.2267761230469,
        348.6624450683594,
        557.5375366210938,
        622.3547973632812,
        189.84825134277344,
        379.00738525390625,
        404.610107421875,
        278.28155517578125,
        357.3445739746094,
        221.7942352294922,
        795.6903686523438,
        538.1956176757812,
        382.4927673339844
    ],