{
    "epoch": [
        1,
        2,
        3,
        4,
        5,
        6,
        7,
        8,
        9,
        10,
        11,
        12,
        13,
        14,
        15,
        16,
        17,
        18,
        19,
        20,
        21,
        22,
        23,
        24,
        25,
        26,
        27,
        28,
        29,
        30,
        31,
        32,
        33,
        34,
        35,
        36,
        37,
        38,
        39,
        40,
        41,
        42,
        43,
        44,
        45,
        46,
        47,
        48,
        49,
        50,
        51,
        52,
        53,
        54,
        55,
        56,
        57,
        58,
        59,
        60,
        61,
        62,
        63,
        64,
        65,
        66
    ],
    "train_mse_scaled": [
        0.04552497909210376,
        0.015337251817560175,
        0.015022729175578611,
        0.014744101267882241,
        0.014360054338060915,
        0.014091184411737928,
        0.013686416058433818,
        0.013419152696938809,
        0.0131878954474284,
        0.01299015877973228,
        0.01294431303473279,
        0.012901203250687042,
        0.012848079747607455,
        0.012803121739600694,
        0.012819384503453402,
        0.012805411722065852,
        0.012807520988173135,
        0.012818929660674843,
        0.012832053426576711,
        0.012798929085620638,
        0.012813534795983126,
        0.012780010888546744,
        0.012784722421658297,
        0.012802806738050223,
        0.01278171164270171,
        0.012784276190519799,
        0.012774032891913648,
        0.012767319767222807,
        0.012767816927816651,
        0.012756523317603073,
        0.01274746464870485,
        0.01275143557513164,
        0.012740111417052929,
        0.012740550158392379,
        0.012739646102939456,
        0.012728135583913976,
        0.01272774748442042,
        0.012721573648115029,
        0.012723745648926216,
        0.012719893348779265,
        0.012718039605000621,
        0.01271436137133788,
        0.012713450045519452,
        0.012710065394432288,
        0.01271004961722199,
        0.012708038605915186,
        0.012706874402728859,
        0.012705349005102121,
        0.012704703732295389,
        0.01270458287200567,
        0.012703624975013638,
        0.01270307382281858,
        0.012702818862363465,
        0.012702641403858734,
        0.012702286449031378,
        0.012702138885330672,
        0.012702098715205936,
        0.012701926651089894,
        0.01270173724914069,
        0.012701682667846612,
        0.012701653050850246,
        0.012701525196017666,
        0.012701336812404882,
        0.012701210026878261,
        0.01270093009437907,
        0.01270074934861226
    ],
    "val_mse_scaled": [
        0.01865400096870382,
        0.018670598303810557,
        0.017793832213733835,
        0.017031604039532456,
        0.016308021162750756,
        0.01584722871772124,
        0.015285580193355996,
        0.015000452368212791,
        0.014794366948527008,
        0.014684365860456038,
        0.014616163190706945,
        0.01457769147033507,
        0.01456796311981634,
        0.0145631028416259,
        0.014567723785778352,
        0.014568273767462158,
        0.014556799657955893,
        0.014561461304573151,
        0.014563681683226512,
        0.014552432997936066,
        0.014574966149176851,
        0.014565506078252629,
        0.01455574751133927,
        0.014560786881125191,
        0.014572193702499648,
        0.014551753888143209,
        0.014563862495950347,
        0.014562865698292463,
        0.014562095527265066,
        0.014568320534944853,
        0.014568972160887848,
        0.014569351094684326,
        0.014569315803747976,
        0.014571814863733707,
        0.014568881845743583,
        0.014570881412684965,
        0.014569779657601126,
        0.014568994123121043,
        0.014568232959373536,
        0.014568751933613665,
        0.014567812901252463,
        0.014567225326666234,
        0.014566140215790186,
        0.014565303596520187,
        0.014564590593863613,
        0.01456404188804929,
        0.0145635602078901,
        0.014562528618958263,
        0.014562796280672093,
        0.014562093740055505,
        0.014561738703174015,
        0.014561486592915921,
        0.014561116577834373,
        0.014560954999121979,
        0.014560768275353042,
        0.014560723944995493,
        0.014560776533046056,
        0.01456048127142122,
        0.014560396978618556,
        0.014560405978954805,
        0.014560066949075124,
        0.014560042297110462,
        0.014559801307034203,
        0.014559901331949732,
        0.014559830448952664,
        0.014558249057309252
    ],
    "train_mse_price": [
        0.0014526128144586132,
        0.0004893816415891228,
        0.00047934583170920335,
        0.0004704553653751582,
        0.00045820117724284116,
        0.0004496220704357361,
        0.00043670670367392564,
        0.00042817885518621864,
        0.00042079988964699894,
        0.0004144905004914921,
        0.00041302765100272254,
        0.00041165210339157344,
        0.00040995703972921413,
        0.0004085225163996409,
        0.0004090414293629529,
        0.00040859558382531615,
        0.00040866288637766957,
        0.0004090269152876599,
        0.00040944566678074757,
        0.0004083887371441482,
        0.00040885477508607215,
        0.00040778509538713545,
        0.00040793542982559455,
        0.0004085124623352092,
        0.0004078393614805435,
        0.00040792119125892244,
        0.00040759434749006277,
        0.0004073801458125242,
        0.0004073960073313308,
        0.00040703565091232375,
        0.00040674660513185704,
        0.00040687331027113374,
        0.000406511979526075,
        0.0004065259786175183,
        0.00040649713105933176,
        0.0004061298527688401,
        0.00040611746985700015,
        0.00040592047324356466,
        0.00040598977947446776,
        0.00040586685924812014,
        0.00040580771104071383,
        0.0004056903434657921,
        0.0004056612658801932,
        0.00040555326948176303,
        0.0004055527653788279,
        0.00040548859770049074,
        0.0004054514495148088,
        0.0004054027791738945,
        0.0004053821898440344,
        0.00040537833198449346,
        0.0004053477682762584,
        0.0004053301826096789,
        0.0004053220477775683,
        0.00040531638409732455,
        0.00040530505813109814,
        0.00040530034887501664,
        0.0004052990683361262,
        0.0004052935781430064,
        0.0004052875340576238,
        0.0004052857929904908,
        0.00040528484841243,
        0.00040528076966799806,
        0.0004052747581643268,
        0.0004052707107776812,
        0.0004052617783022909,
        0.0004052560115713635
    ],